,Name,City,Country,Arena,Capactity,Logo URL,Division,City,State,,,,,,,,,,,,,,,,,,,,
Team,Hawks,Atlanta,USA,Philips Arena,20000,https://raw.githubusercontent.com/pisothenoobprogrammer/basketball-dynasty-manager-16-roster/refs/heads/main/Team0.png,Southeast,Atlanta,Georgia,,,,,,,,,,,,,,,,,,,,
Team,Celtics,Boston,USA,TD Garden,18700,http://gmgames.org/dm16logos/Team1.png,Atlantc,Boston,Massachusetts,,,,,,,,,,,,,,,,,,,,
Team,Nets,Brooklyn,USA,Barclays Center,19000,http://gmgames.org/dm16logos/Team2.png,Atlantic,Brooklyn,New York,,,,,,,,,,,,,,,,,,,,
Team,Hornets,Charlotte,USA,Time Warner Cable Arena,19000,http://gmgames.org/dm16logos/Team3.png,Southeast,Charlotte,North Carolina,,,,,,,,,,,,,,,,,,,,
Team,Bulls,Chicago,USA,United Center,23000,http://gmgames.org/dm16logos/Team4.png,Central,Chicago,Illinois,,,,,,,,,,,,,,,,,,,,
Team,Cavaliers,Cleveland,USA,Quicken Loans Arena,21000,http://gmgames.org/dm16logos/Team5.png,Central,Cleveland,Ohio,,,,,,,,,,,,,,,,,,,,
Team,Mavericks,Dallas,USA,American Airlines Center,19000,http://gmgames.org/dm16logos/Team6.png,Southwest,Dallas,Texas,,,,,,,,,,,,,,,,,,,,
Team,Nuggets,Denver,USA,Pepsi Center,19000,http://gmgames.org/dm16logos/Team7.png,Northwest,Denver,Colorado,,,,,,,,,,,,,,,,,,,,
Team,Pistons,Detroit,USA,The Palace at Auburn Hills,22000,http://gmgames.org/dm16logos/Team8.png,Central,Detroit,Michigan,,,,,,,,,,,,,,,,,,,,
Team,Warriors,Golden State,USA,Oracle Arena,20000,http://gmgames.org/dm16logos/Team9.png,Pacific,Oakland,California,,,,,,,,,,,,,,,,,,,,
Team,Rockets,Houston,USA,Toyota Center,18000,http://gmgames.org/dm16logos/Team10.png,Southwest,Houston,Texas,,,,,,,,,,,,,,,,,,,,
Team,Pacers,Indiana,USA,Bankers Life Fieldhouse,19000,http://gmgames.org/dm16logos/Team11.png,Central,Indianapolis,Indiana,,,,,,,,,,,,,,,,,,,,
Team,Clippers,Los Angeles,USA,Staples Center,19000,http://gmgames.org/dm16logos/Team12.png,Pacific,Los Angeles,California,,,,,,,,,,,,,,,,,,,,
Team,Lakers,Los Angeles,USA,Staples Center,19000,http://gmgames.org/dm16logos/Team13.png,Pacific,Los Angeles,California,,,,,,,,,,,,,,,,,,,,
Team,Grizzlies,Memphis,USA,FedEx Forum,18000,http://gmgames.org/dm16logos/Team14.png,Southwest,Memphis,Tennessee,,,,,,,,,,,,,,,,,,,,
Team,Heat,Miami,USA,American Airlines Arena,20000,http://gmgames.org/dm16logos/Team15.png,Southeast,Miami,Florida,,,,,,,,,,,,,,,,,,,,
Team,Bucks,Milwaukee,USA,Bradley Center,19000,http://gmgames.org/dm16logos/Team16.png,Central,Milwaukee,Wisconsin,,,,,,,,,,,,,,,,,,,,
Team,Timberwolves,Minnesota,USA,Target Center,20000,http://gmgames.org/dm16logos/Team17.png,Northwest,Minneapolis,Minnesota,,,,,,,,,,,,,,,,,,,,
Team,Pelicans,New Orleans,USA,Smoothie King Center,19000,http://gmgames.org/dm16logos/Team18.png,Southwest,New Orleans,Louisiana,,,,,,,,,,,,,,,,,,,,
Team,Knicks,New York,USA,Madison Square Garden,20000,http://gmgames.org/dm16logos/Team19.png,Atlantic,New York,New York,,,,,,,,,,,,,,,,,,,,
Team,Thunder,Oklahoma City,USA,Chesapeake Energy Arena,19000,http://gmgames.org/dm16logos/Team20.png,Northwest,Oklahoma City,Oklahoma,,,,,,,,,,,,,,,,,,,,
Team,Magic,Orlando,USA,Amway Center,19000,http://gmgames.org/dm16logos/Team21.png,Southeast,Orlando,Florida,,,,,,,,,,,,,,,,,,,,
Team,76ers,Philadelphia,USA,Wells Fargo Center,22000,http://gmgames.org/dm16logos/Team22.png,Atlantic,Philadelphia,Pennsylvania,,,,,,,,,,,,,,,,,,,,
Team,Suns,Phoenix,USA,Talking Stick Resort Arena,18000,http://gmgames.org/dm16logos/Team23.png,Pacific,Phoenix,Arizona,,,,,,,,,,,,,,,,,,,,
Team,Trail Blazers,Portland,USA,Moda Center,20000,http://gmgames.org/dm16logos/Team24.png,Northwest,Portland,Oregon,,,,,,,,,,,,,,,,,,,,
Team,Kings,Sacramento,USA,Sleep Train Arena,17000,http://gmgames.org/dm16logos/Team25.png,Pacific,Sacramento,California,,,,,,,,,,,,,,,,,,,,
Team,Spurs,San Antonio,USA,AT&T Centre,19000,http://gmgames.org/dm16logos/Team26.png,Southwest,San Antonio,Texas,,,,,,,,,,,,,,,,,,,,
Team,Raptors,Toronto,Canada,Air Canada Centre,20000,http://gmgames.org/dm16logos/Team27.png,Atlantic,Toronto,Canada,,,,,,,,,,,,,,,,,,,,
Team,Jazz,Utah,USA,Vivint Smart Home Arena,20000,http://gmgames.org/dm16logos/Team28.png,Northwest,Salt Lake City,Utah,,,,,,,,,,,,,,,,,,,,
Team,Wizards,Washington,USA,Verizon Center,20000,http://gmgames.org/dm16logos/Team29.png,Southeast,Washincton,D.C,,,,,,,,,,,,,,,,,,,,
NewFranchiseLogo,,,,,,https://raw.githubusercontent.com/pisothenoobprogrammer/basketball-dynasty-manager-16-roster/refs/heads/main/Team30.png,,,,,,,,,,,,,,,,,,,,,,,
,,,,,,,,,,,,,,,,,,,,,,,,,,,,,
Type,FirstName,Last Name,Position,Age,Height,Weight,Team ID,Defence,TurnOvers,FTA,FTPerc,2PTA,2PTPerc,3PTA,ThreePerc,OffReb,Fame,DefReb,FastBreak,Assists,Personality,Potential,Steals,Blocks,Stamina,Trait,,,
,,,,,,,,,,,,,,,,,,,,,,,,,,,,,
// Atlanta Hawks,,,,,,,,,,,,,,,,,,,,,,,,,,,,,
,,,,,,,,,,,,,,,,,,,,,,,,,,,,,
,,,,,,,,,,,,,,,,,,,,,,,,,,,,,
players,Dewayne,Dedmon,C,18,212.5,254,0,99,0,10,1,30,1,10,1,5.1,99,12.1,99,9.2,99,99,2.7,2.7,99,EX,,,
players,Ersan,Ilyasova,PF,18,208.1,246,0,99,0,10,1,30,1,10,1,5.1,99,12.1,99,9.2,99,99,2.7,2.7,99,EX,,,
players,Taurean,Prince,SF,18,198.7,196,0,99,0,10,1,30,1,10,1,5.1,99,12.1,99,9.2,99,99,2.7,2.7,99,EX,,,
players,Kent,Bazemore,SG,18,202.5,217,0,99,0,10,1,30,1,10,1,5.1,99,12.1,99,9.2,99,99,2.7,2.7,99,EX,,,
players,Dennis,Schroeder,PG,18,189.5,195,0,99,0,10,1,30,1,10,1,5.1,99,12.1,99,9.2,99,99,2.7,2.7,99,EX,,,
players,John,Collins,PF,18,188.2,170,0,99,0,10,1,30,1,10,1,5.1,99,12.1,99,9.2,99,99,2.7,2.7,99,EX,,,
players,Miles,Plumlee,C,18,201.2,226,0,99,0,10,1,30,1,10,1,5.1,99,12.1,99,9.2,99,99,2.7,2.7,99,EX,,,
players,Mike,Muscala,PF,18,198.7,205,0,99,0,10,1,30,1,10,1,5.1,99,12.1,99,9.2,99,99,2.7,2.7,99,EX,,,
players,Malcolm,Delaney,PG,18,211.1,245,0,99,0,10,1,30,1,10,1,5.1,99,12.1,99,9.2,99,99,2.7,2.7,99,EX,,,
players,Deandre,Bembry,SF,18,207.2,235,0,99,0,10,1,30,1,10,1,5.1,99,12.1,99,9.2,99,99,2.7,2.7,99,EX,,,
players,Isaiah,Taylor,PG,18,208.1,237,0,99,0,10,1,30,1,10,1,5.1,99,12.1,99,9.2,99,99,2.7,2.7,99,EX,,,
players,Tyler,Dorsey,SG,18,212.5,240,0,99,0,10,1,30,1,10,1,5.1,99,12.1,99,9.2,99,99,2.7,2.7,99,EX,,,
players,Nicolas,Brussino,SG,18,195.2,187,0,99,0,10,1,30,1,10,1,5.1,99,12.1,99,9.2,99,99,2.7,2.7,99,EX,,,
,,,,,,,,,,,,,,,,,,,,,,,,,,,,,
,,,,,,,,,,,,,,,,,,,,,,,,,,,,,
// Boston Celtics,,,,,,,,,,,,,,,,,,,,,,,,,,,,,
,,,,,,,,,,,,,,,,,,,,,,,,,,,,,
,,,,`,,,,,,,,,,,,,,,,,,,,,,,,,
players,Al,Horford,C,18,212.5,254,1,99,0,10,1,30,1,10,1,5.1,99,12.1,99,9.2,99,99,2.7,2.7,99,EX,,,
players,Jayson,Tatum,PF,18,205.3,205,1,99,0,10,1,30,1,10,1,5.1,99,12.1,99,9.2,99,99,2.7,2.7,99,EX,,,
players,Gordon,Hayward,SF,18,203.5,225,1,99,0,10,1,30,1,10,1,5.1,99,12.1,99,9.2,99,99,2.7,2.7,99,EX,,,
players,Marcus,Smart,SG,18,195.1,201,1,99,0,10,1,30,1,10,1,5.1,99,12.1,99,9.2,99,99,2.7,2.7,99,EX,,,
players,Kyrie,Irving,PG,18,191.2,193,1,99,0,10,1,30,1,10,1,5.1,99,12.1,99,9.2,99,99,2.7,2.7,99,EX,,,
players,Jaylen,Brown,SF,18,201.8,225,1,99,0,10,1,30,1,10,1,5.1,99,12.1,99,9.2,99,99,2.7,2.7,99,EX,,,
players,Marcus,Morris,PF,18,206,235,1,99,0,10,1,30,1,10,1,5.1,99,12.1,99,9.2,99,99,2.7,2.7,99,EX,,,
players,Semi,Ojeleye,SF,18,201.2,235,1,99,0,10,1,30,1,10,1,5.1,99,12.1,99,9.2,99,99,2.7,2.7,99,EX,,,
players,Shane,Larkin,PG,18,181,176,1,99,0,10,1,30,1,10,1,5.1,99,12.1,99,9.2,99,99,2.7,2.7,99,EX,,,
players,Terry,Rozier,PG,18,186.1,190,1,99,0,10,1,30,1,10,1,5.1,99,12.1,99,9.2,99,99,2.7,2.7,99,EX,,,
players,Aron,Baynes,C,18,208.5,255,1,99,0,10,1,30,1,10,1,5.1,99,12.1,99,9.2,99,99,2.7,2.7,99,EX,,,
players,Guerschon,Yabusele,PF,18,203.6,260,1,99,0,10,1,30,1,10,1,5.1,99,12.1,99,9.2,99,99,2.7,2.7,99,EX,,,
players,Greg,Monroe,C,18,212.8,250,1,99,0,10,1,30,1,10,1,5.1,99,12.1,99,9.2,99,99,2.7,2.7,99,EX,,,
,,,,,,,,,,,,,,,,,,,,,,,,,,,,,
,,,,,,,,,,,,,,,,,,,,,,,,,,,,,
// Brooklyn Nets,,,,,,,,,,,,,,,,,,,,,,,,,,,,,
,,,,,,,,,,,,,,,,,,,,,,,,,,,,,
,,,,,,,,,,,,,,,,,,,,,,,,,,,,,
players,Timofey,Mozgov,C,18,216.6,252,2,99,0,10,1,30,1,10,1,5.1,99,12.1,99,9.2,99,99,2.7,2.7,99,EX,,,
players,Rondae,Hollis-Jefferson,PF,18,197.1,222,2,99,0,10,1,30,1,10,1,5.1,99,12.1,99,9.2,99,99,2.7,2.7,99,EX,,,
players,DeMarre,Carroll,SF,18,204.1,224,2,99,0,10,1,30,1,10,1,5.1,99,12.1,99,9.2,99,99,2.7,2.7,99,EX,,,
players,Caris,LaVert,SG,18,201.2,200,2,99,0,10,1,30,1,10,1,5.1,99,12.1,99,9.2,99,99,2.7,2.7,99,EX,,,
players,Dangelo,Russell,PG,18,195.9,232,2,99,0,10,1,30,1,10,1,5.1,99,12.1,99,9.2,99,99,2.7,2.7,99,EX,,,
players,Jeremy,Lin,PG,18,191.1,200,2,99,0,10,1,30,1,10,1,5.1,99,12.1,99,9.2,99,99,2.7,2.7,99,EX,,,
players,Allen,Crabbe,SF,18,197.2,210,2,99,0,10,1,30,1,10,1,5.1,99,12.1,99,9.2,99,99,2.7,2.7,99,EX,,,
players,Jarrett,Allen,C,18,210.5,235,2,99,0,10,1,30,1,10,1,5.1,99,12.1,99,9.2,99,99,2.7,2.7,99,EX,,,
players,Joe,Harris,SF,18,199.1,219,2,99,0,10,1,30,1,10,1,5.1,99,12.1,99,9.2,99,99,2.7,2.7,99,EX,,,
players,Isaiah,Whitehead,PG,18,194.9,195,2,99,0,10,1,30,1,10,1,5.1,99,12.1,99,9.2,99,99,2.7,2.7,99,EX,,,
players,Spencer,Dinwiddie,PG,18,199.1,200,2,99,0,10,1,30,1,10,1,5.1,99,12.1,99,9.2,99,99,2.7,2.7,99,EX,,,
players,Quincy,Acy,PF,18,203.1,240,2,99,0,10,1,30,1,10,1,5.1,99,12.1,99,9.2,99,99,2.7,2.7,99,EX,,,
players,Nik,Stauskas,SG,18,200.2,205,2,99,0,10,1,30,1,10,1,5.1,99,12.1,99,9.2,99,99,2.7,2.7,99,EX,,,
players,Jahlil,Okafor,C,18,211.1,272,2,99,0,10,1,30,1,10,1,5.1,99,12.1,99,9.2,99,99,2.7,2.7,99,EX,,,
players,Dante,Cunningham,SF,18,208,235,2,99,0,10,1,30,1,10,1,5.1,99,12.1,99,9.2,99,99,2.7,2.7,99,EX,,,
,,,,,,,,,,,,,,,,,,,,,,,,,,,,,
,,,,,,,,,,,,,,,,,,,,,,,,,,,,,
// Charlotte Hornets,,,,,,,,,,,,,,,,,,,,,,,,,,,,,
,,,,,,,,,,,,,,,,,,,,,,,,,,,,,
,,,,,,,,,,,,,,,,,,,,,,,,,,,,,
players,Dwight,Howard,C,18,212.6,264,3,99,0,10,1,30,1,10,1,5.1,99,12.1,99,9.2,99,99,2.7,2.7,99,EX,,,
players,Marvin,Williams,PF,18,206.5,237,3,99,0,10,1,30,1,10,1,5.1,99,12.1,99,9.2,99,99,2.7,2.7,99,EX,,,
players,Dwayne,Bacon,SF,18,202.9,220,3,99,0,10,1,30,1,10,1,5.1,99,12.1,99,9.2,99,99,2.7,2.7,99,EX,,,
players,Jeremy,Lamb,SG,18,197.2,185,3,99,0,10,1,30,1,10,1,5.1,99,12.1,99,9.2,99,99,2.7,2.7,99,EX,,,
players,Kemba,Walker,PG,18,187.2,184,3,99,0,10,1,30,1,10,1,5.1,99,12.1,99,9.2,99,99,2.7,2.7,99,EX,,,
players,Cody,Zeller,C,18,212.2,240,3,99,0,10,1,30,1,10,1,5.1,99,12.1,99,9.2,99,99,2.7,2.7,99,EX,,,
players,Malik,Monk,SG,18,192.6,200,3,99,0,10,1,30,1,10,1,5.1,99,12.1,99,9.2,99,99,2.7,2.7,99,EX,,,
players,Michael,Kidd-Gilchrest,SF,18,203.1,232,3,99,0,10,1,30,1,10,1,5.1,99,12.1,99,9.2,99,99,2.7,2.7,99,EX,,,
players,Frank,Kaminsky,PF,18,212.2,240,3,99,0,10,1,30,1,10,1,5.1,99,12.1,99,9.2,99,99,2.7,2.7,99,EX,,,
players,Nicolas,Batum,SG,18,205,225,3,99,0,10,1,30,1,10,1,5.1,99,12.1,99,9.2,99,99,2.7,2.7,99,EX,,,
players,Michael,Carter-Williams,PG,18,197.7,185,3,99,0,10,1,30,1,10,1,5.1,99,12.1,99,9.2,99,99,2.7,2.7,99,EX,,,
players,Willy,Hernangomez,C,18,210.5,240,3,99,0,10,1,30,1,10,1,5.1,99,12.1,99,9.2,99,99,2.7,2.7,99,EX,,,
,,,,,,,,,,,,,,,,,,,,,,,,,,,,,
,,,,,,,,,,,,,,,,,,,,,,,,,,,,,
// Chicago Bulls,,,,,,,,,,,,,,,,,,,,,,,,,,,,,
,,,,,,,,,,,,,,,,,,,,,,,,,,,,,
,,,,,,,,,,,,,,,,,,,,,,,,,,,,,
players,Robin,Lopez,C,18,215,265,4,99,0,10,1,30,1,10,1,5.1,99,12.1,99,9.2,99,99,2.7,2.7,99,EX,,,
players,Paul,Zipser,SF,18,204.8,210,4,99,0,10,1,30,1,10,1,5.1,99,12.1,99,9.2,99,99,2.7,2.7,99,EX,,,
players,Zach,Lavine,SG,18,197.6,183,4,99,0,10,1,30,1,10,1,5.1,99,12.1,99,9.2,99,99,2.7,2.7,99,EX,,,
players,Jerian,Grant,PG,18,193.7,204,4,99,0,10,1,30,1,10,1,5.1,99,12.1,99,9.2,99,99,2.7,2.7,99,EX,,,
players,Justin,Holiday,SG,18,206.1,185,4,99,0,10,1,30,1,10,1,5.1,99,12.1,99,9.2,99,99,2.7,2.7,99,EX,,,
players,Lauri,Markkanen,PF,18,215.6,230,4,99,0,10,1,30,1,10,1,5.1,99,12.1,99,9.2,99,99,2.7,2.7,99,EX,,,
players,Cameron,Payne,PG,18,190,185,4,99,0,10,1,30,1,10,1,5.1,99,12.1,99,9.2,99,99,2.7,2.7,99,EX,,,
players,Kris,Dunn,PG,18,193.4,205,4,99,0,10,1,30,1,10,1,5.1,99,12.1,99,9.2,99,99,2.7,2.7,99,EX,,,
players,Denzel,Valentine,SG,18,199.5,223,4,99,0,10,1,30,1,10,1,5.1,99,12.1,99,9.2,99,99,2.7,2.7,99,EX,,,
players,Bobby,Portis,PF,18,210.2,237,4,99,0,10,1,30,1,10,1,5.1,99,12.1,99,9.2,99,99,2.7,2.7,99,EX,,,
players,Cristiano,Felicio,PF,18,206.5,266,4,99,0,10,1,30,1,10,1,5.1,99,12.1,99,9.2,99,99,2.7,2.7,99,EX,,,
players,Omer,Asik,C,18,214.6,255,4,99,0,10,1,30,1,10,1,5.1,99,12.1,99,9.2,99,99,2.7,2.7,99,EX,,,
players,Noah,Vonleh,PF,18,208.6,242,4,99,0,10,1,30,1,10,1,5.1,99,12.1,99,9.2,99,99,2.7,2.7,99,EX,,,
,,,,,,,,,,,,,,,,,,,,,,,,,,,,,
,,,,,,,,,,,,,,,,,,,,,,,,,,,,,
// Cleveland Cavaliers,,,,,,,,,,,,,,,,,,,,,,,,,,,,,
,,,,,,,,,,,,,,,,,,,,,,,,,,,,,
,,,,,,,,,,,,,,,,,,,,,,,,,,,,,
players,Kevin,Love,C,18,210.1,243,5,99,0,10,1,30,1,10,1,5.1,99,12.1,99,9.2,99,99,2.7,2.7,99,EX,,,
players,Lebron,James,SF,18,204.6,250,5,99,0,10,1,30,1,10,1,5.1,99,12.1,99,9.2,99,99,2.7,2.7,99,EX,,,
players,Dwyane,Wade,SG,18,193.5,220,5,99,0,10,1,30,1,10,1,5.1,99,12.1,99,9.2,99,99,2.7,2.7,99,EX,,,
players,Tristan,Thompson,PF,18,208.1,238,5,99,0,10,1,30,1,10,1,5.1,99,12.1,99,9.2,99,99,2.7,2.7,99,EX,,,
players,JR,Smith,SG,18,200.5,225,5,99,0,10,1,30,1,10,1,5.1,99,12.1,99,9.2,99,99,2.7,2.7,99,EX,,,
players,Jeff,Green,SF,18,206.1,235,5,99,0,10,1,30,1,10,1,5.1,99,12.1,99,9.2,99,99,2.7,2.7,99,EX,,,
players,Kyle,Korver,SG,18,202.5,217,5,99,0,10,1,30,1,10,1,5.1,99,12.1,99,9.2,99,99,2.7,2.7,99,EX,,,
players,Ante,Zizic,C,18,212.6,240,5,99,0,10,1,30,1,10,1,5.1,99,12.1,99,9.2,99,99,2.7,2.7,99,EX,,,
players,Jose,Calderon,PG,18,192.2,210,5,99,0,10,1,30,1,10,1,5.1,99,12.1,99,9.2,99,99,2.7,2.7,99,EX,,,
players,Rodney,Hood,SG,18,205.2,215,5,99,0,10,1,30,1,10,1,5.1,99,12.1,99,9.2,99,99,2.7,2.7,99,EX,,,
players,George,Hill,PG,18,192.1,193,5,99,0,10,1,30,1,10,1,5.1,99,12.1,99,9.2,99,99,2.7,2.7,99,EX,,,
players,Jordan,Clarkson,SG,18,197.6,185,5,99,0,10,1,30,1,10,1,5.1,99,12.1,99,9.2,99,99,2.7,2.7,99,EX,,,
players,Larry,Nance Jr,PF,18,206.1,230,5,99,0,10,1,30,1,10,1,5.1,99,12.1,99,9.2,99,99,2.7,2.7,99,EX,,,
,,,,,,,,,,,,,,,,,,,,,,,,,,,,,
,,,,,,,,,,,,,,,,,,,,,,,,,,,,,
// Dallas Mavericks,,,,,,,,,,,,,,,,,,,,,,,,,,,,,
,,,,,,,,,,,,,,,,,,,,,,,,,,,,,
,,,,,,,,,,,,,,,,,,,,,,,,,,,,,
players,Dirk,Nowitzki,C,18,213.6,245,6,99,0,10,1,30,1,10,1,5.1,99,12.1,99,9.2,99,99,2.7,2.7,99,EX,,,
players,Harrison,Barnes,PF,18,205.5,225,6,99,0,10,1,30,1,10,1,5.1,99,12.1,99,9.2,99,99,2.7,2.7,99,EX,,,
players,Dorian,Finney-Smith,SF,18,205.1,220,6,99,0,10,1,30,1,10,1,5.1,99,12.1,99,9.2,99,99,2.7,2.7,99,EX,,,
players,Wesley,Matthews,SG,18,197.6,214,6,99,0,10,1,30,1,10,1,5.1,99,12.1,99,9.2,99,99,2.7,2.7,99,EX,,,
players,Dennis,Smith Jr,PG,18,192.6,195,6,99,0,10,1,30,1,10,1,5.1,99,12.1,99,9.2,99,99,2.7,2.7,99,EX,,,
players,Yogi,Ferrell,PG,18,185.1,178,6,99,0,10,1,30,1,10,1,5.1,99,12.1,99,9.2,99,99,2.7,2.7,99,EX,,,
players,Seth,Curry,SG,18,189,185,6,99,0,10,1,30,1,10,1,5.1,99,12.1,99,9.2,99,99,2.7,2.7,99,EX,,,
players,Nerlens,Noels,C,18,208.9,228,6,99,0,10,1,30,1,10,1,5.1,99,12.1,99,9.2,99,99,2.7,2.7,99,EX,,,
players,Dwight,Powell,PF,18,212.1,240,6,99,0,10,1,30,1,10,1,5.1,99,12.1,99,9.2,99,99,2.7,2.7,99,EX,,,
players,JJ,Barea,PG,18,182.5,183,6,99,0,10,1,30,1,10,1,5.1,99,12.1,99,9.2,99,99,2.7,2.7,99,EX,,,
players,Salah,Mejri,C,18,214.4,245,6,99,0,10,1,30,1,10,1,5.1,99,12.1,99,9.2,99,99,2.7,2.7,99,EX,,,
players,Johnathan,Motley,PF,18,208,230,6,99,0,10,1,30,1,10,1,5.1,99,12.1,99,9.2,99,99,2.7,2.7,99,EX,,,
players,Doug,McDermott,SF,18,205.2,225,6,99,0,10,1,30,1,10,1,5.1,99,12.1,99,9.2,99,99,2.7,2.7,99,EX,,,
,,,,,,,,,,,,,,,,,,,,,,,,,,,,,
,,,,,,,,,,,,,,,,,,,,,,,,,,,,,
// Denver Nuggets,,,,,,,,,,,,,,,,,,,,,,,,,,,,,
,,,,,,,,,,,,,,,,,,,,,,,,,,,,,
,,,,,,,,,,,,,,,,,,,,,,,,,,,,,
players,Nikola,Jokic,C,18,210.1,250,7,99,0,10,1,30,1,10,1,5.1,99,12.1,99,9.2,99,99,2.7,2.7,99,EX,,,
players,Paul,Millsap,PF,18,208.1,246,7,99,0,10,1,30,1,10,1,5.1,99,12.1,99,9.2,99,99,2.7,2.7,99,EX,,,
players,Wilson,Chandler,SF,18,204.9,225,7,99,0,10,1,30,1,10,1,5.1,99,12.1,99,9.2,99,99,2.7,2.7,99,EX,,,
players,Gary,Harris,SG,18,195.1,210,7,99,0,10,1,30,1,10,1,5.1,99,12.1,99,9.2,99,99,2.7,2.7,99,EX,,,
players,Jamal,Murray,PG,18,196.4,201,7,99,0,10,1,30,1,10,1,5.1,99,12.1,99,9.2,99,99,2.7,2.7,99,EX,,,
players,Tyler,Lydon,PF,18,208,220,7,99,0,10,1,30,1,10,1,5.1,99,12.1,99,9.2,99,99,2.7,2.7,99,EX,,,
players,Will,Barton,SF,18,199.2,175,7,99,0,10,1,30,1,10,1,5.1,99,12.1,99,9.2,99,99,2.7,2.7,99,EX,,,
players,Kenneth,Faried,PF,18,204,228,7,99,0,10,1,30,1,10,1,5.1,99,12.1,99,9.2,99,99,2.7,2.7,99,EX,,,
players,Mason,Plumlee,C,18,213,235,7,99,0,10,1,30,1,10,1,5.1,99,12.1,99,9.2,99,99,2.7,2.7,99,EX,,,
players,Juan,Hernangomez,PF,18,208,230,7,99,0,10,1,30,1,10,1,5.1,99,12.1,99,9.2,99,99,2.7,2.7,99,EX,,,
players,Trey,Lyles,PF,18,213,234,7,99,0,10,1,30,1,10,1,5.1,99,12.1,99,9.2,99,99,2.7,2.7,99,EX,,,
players,Malik,Beasley,SG,18,195,185,7,99,0,10,1,30,1,10,1,5.1,99,12.1,99,9.2,99,99,2.7,2.7,99,EX,,,
players,Darrell,Arthur,PF,18,207.5,235,7,99,0,10,1,30,1,10,1,5.1,99,12.1,99,9.2,99,99,2.7,2.7,99,EX,,,
players,Richard,Jefferson,SF,18,201.5,233,7,99,0,10,1,30,1,10,1,5.1,99,12.1,99,9.2,99,99,2.7,2.7,99,EX,,,
players,Devin,Harris,PG,18,192.5,192,7,99,0,10,1,30,1,10,1,5.1,99,12.1,99,9.2,99,99,2.7,2.7,99,EX,,,
,,,,,,,,,,,,,,,,,,,,,,,,,,,,,
,,,,,,,,,,,,,,,,,,,,,,,,,,,,,
// Detroit Pistons,,,,,,,,,,,,,,,,,,,,,,,,,,,,,
,,,,,,,,,,,,,,,,,,,,,,,,,,,,,
,,,,,,,,,,,,,,,,,,,,,,,,,,,,,
players,Andre,Drummond,C,18,212.5,279,8,99,0,10,1,30,1,10,1,5.1,99,12.1,99,9.2,99,99,2.7,2.7,99,EX,,,
players,Stanley,Johnson,SF,18,205.2,244,8,99,0,10,1,30,1,10,1,5.1,99,12.1,99,9.2,99,99,2.7,2.7,99,EX,,,
players,Reggie,Jackson,PG,18,191.1,208,8,99,0,10,1,30,1,10,1,5.1,99,12.1,99,9.2,99,99,2.7,2.7,99,EX,,,
players,Jon,Leuer,PF,18,210,228,8,99,0,10,1,30,1,10,1,5.1,99,12.1,99,9.2,99,99,2.7,2.7,99,EX,,,
players,Ish,Smith,PG,18,182.4,175,8,99,0,10,1,30,1,10,1,5.1,99,12.1,99,9.2,99,99,2.7,2.7,99,EX,,,
players,Langston,Galloway,PG,18,190,202,8,99,0,10,1,30,1,10,1,5.1,99,12.1,99,9.2,99,99,2.7,2.7,99,EX,,,
players,Luke,Kennard,SG,18,197.8,200,8,99,0,10,1,30,1,10,1,5.1,99,12.1,99,9.2,99,99,2.7,2.7,99,EX,,,
players,Reggie,Bullock,SG,18,201.5,205,8,99,0,10,1,30,1,10,1,5.1,99,12.1,99,9.2,99,99,2.7,2.7,99,EX,,,
players,Anthony,Tolliver,PF,18,204.9,240,8,99,0,10,1,30,1,10,1,5.1,99,12.1,99,9.2,99,99,2.7,2.7,99,EX,,,
players,Henry,Ellenson,PF,18,210.3,231,8,99,0,10,1,30,1,10,1,5.1,99,12.1,99,9.2,99,99,2.7,2.7,99,EX,,,
players,Darren,Buycks,SG,18,187,200,8,99,0,10,1,30,1,10,1,5.1,99,12.1,99,9.2,99,99,2.7,2.7,99,EX,,,
players,Blake,Griffin,PF,18,210.7,251,8,99,0,10,1,30,1,10,1,5.1,99,12.1,99,9.2,99,99,2.7,2.7,99,EX,,,
players,James,Ennis III,SF,18,202.9,210,8,99,0,10,1,30,1,10,1,5.1,99,12.1,99,9.2,99,99,2.7,2.7,99,EX,,,
players,Jameer,Nelson,PG,18,183.9,188,8,99,0,10,1,30,1,10,1,5.1,99,12.1,99,9.2,99,99,2.7,2.7,99,EX,,,
,,,,,,,,,,,,,,,,,,,,,,,,,,,,,
,,,,,,,,,,,,,,,,,,,,,,,,,,,,,
// Golden State Warriors,,,,,,,,,,,,,,,,,,,,,,,,,,,,,
,,,,,,,,,,,,,,,,,,,,,,,,,,,,,
,,,,,,,,,,,,,,,,,,,,,,,,,,,,,
players,Zaza,Pachulia,C,18,212.1,270,9,99,0,10,1,30,1,10,1,5.1,99,12.1,99,9.2,99,99,2.7,2.7,99,EX,,,
players,Draymond,Green,PF,18,201.1,230,9,99,0,10,1,30,1,10,1,5.1,99,12.1,99,9.2,99,99,2.7,2.7,99,EX,,,
players,Kevin,Durant,SF,18,207.2,240,9,99,0,10,1,30,1,10,1,5.1,99,12.1,99,9.2,99,99,2.7,2.7,99,EX,,,
players,Klay,Thompson,SG,18,202.6,214,9,99,0,10,1,30,1,10,1,5.1,99,12.1,99,9.2,99,99,2.7,2.7,99,EX,,,
players,Stephen,Curry,PG,18,190.6,190,9,99,0,10,1,30,1,10,1,5.1,99,12.1,99,9.2,99,99,2.7,2.7,99,EX,,,
players,Andre,Iguodala,SF,18,198.8,212,9,99,0,10,1,30,1,10,1,5.1,99,12.1,99,9.2,99,99,2.7,2.7,99,EX,,,
players,David,West,PF,18,207.7,250,9,99,0,10,1,30,1,10,1,5.1,99,12.1,99,9.2,99,99,2.7,2.7,99,EX,,,
players,Jordan,Bell,PF,18,205.5,225,9,99,0,10,1,30,1,10,1,5.1,99,12.1,99,9.2,99,99,2.7,2.7,99,EX,,,
players,Nick,Young,SF,18,202.5,210,9,99,0,10,1,30,1,10,1,5.1,99,12.1,99,9.2,99,99,2.7,2.7,99,EX,,,
players,Damian,Jones,C,18,213,248,9,99,0,10,1,30,1,10,1,5.1,99,12.1,99,9.2,99,99,2.7,2.7,99,EX,,,
players,Shaun,Livingston,PG,18,202.2,182,9,99,0,10,1,30,1,10,1,5.1,99,12.1,99,9.2,99,99,2.7,2.7,99,EX,,,
players,Javale,McGee,C,18,216.5,260,9,99,0,10,1,30,1,10,1,5.1,99,12.1,99,9.2,99,99,2.7,2.7,99,EX,,,
players,Patrick,McCaw,SG,18,201.7,185,9,99,0,10,1,30,1,10,1,5.1,99,12.1,99,9.2,99,99,2.7,2.7,99,EX,,,
players,Omri,Casspi,SF,18,208.2,225,9,99,0,10,1,30,1,10,1,5.1,99,12.1,99,9.2,99,99,2.7,2.7,99,EX,,,
players,Kevon,Looney,SF,18,205.1,220,9,99,0,10,1,30,1,10,1,5.1,99,12.1,99,9.2,99,99,2.7,2.7,99,EX,,,
players,Chris,Boucher,PF,18,210.5,200,9,99,0,10,1,30,1,10,1,5.1,99,12.1,99,9.2,99,99,2.7,2.7,99,EX,,,
,,,,,,,,,,,,,,,,,,,,,,,,,,,,,
,,,,,,,,,,,,,,,,,,,,,,,,,,,,,
// Houston Rockets,,,,,,,,,,,,,,,,,,,,,,,,,,,,,
,,,,,,,,,,,,,,,,,,,,,,,,,,,,,
,,,,,,,,,,,,,,,,,,,,,,,,,,,,,
players,Clint,Capela,C,18,210.1,240,10,99,0,10,1,30,1,10,1,5.1,99,12.1,99,9.2,99,99,2.7,2.7,99,EX,,,
players,Ryan,Anderson,PF,18,209.5,240,10,99,0,10,1,30,1,10,1,5.1,99,12.1,99,9.2,99,99,2.7,2.7,99,EX,,,
players,Trevor,Ariza,SF,18,204.9,220,10,99,0,10,1,30,1,10,1,5.1,99,12.1,99,9.2,99,99,2.7,2.7,99,EX,,,
players,James,Harden,SG,18,197.2,220,10,99,0,10,1,30,1,10,1,5.1,99,12.1,99,9.2,99,99,2.7,2.7,99,EX,,,
players,Chris,Paul,PG,18,184.5,175,10,99,0,10,1,30,1,10,1,5.1,99,12.1,99,9.2,99,99,2.7,2.7,99,EX,,,
players,Eric,Gordon,SG,18,194.5,215,10,99,0,10,1,30,1,10,1,5.1,99,12.1,99,9.2,99,99,2.7,2.7,99,EX,,,
players,PJ,Tucker,SF,18,200.4,260,10,99,0,10,1,30,1,10,1,5.1,99,12.1,99,9.2,99,99,2.7,2.7,99,EX,,,
players,Luc,Mbah a Moute,SF,18,203.9,230,10,99,0,10,1,30,1,10,1,5.1,99,12.1,99,9.2,99,99,2.7,2.7,99,EX,,,
players,Chinanu,Onuaku,C,18,209.1,246,10,99,0,10,1,30,1,10,1,5.1,99,12.1,99,9.2,99,99,2.7,2.7,99,EX,,,
players,Zhou,Qi,C,18,219.4,209,10,99,0,10,1,30,1,10,1,5.1,99,12.1,99,9.2,99,99,2.7,2.7,99,EX,,,
players,Nene,Hilario,C,18,212.7,250,10,99,0,10,1,30,1,10,1,5.1,99,12.1,99,9.2,99,99,2.7,2.7,99,EX,,,
players,Tarik,Black,PF,18,207.8,250,10,99,0,10,1,30,1,10,1,5.1,99,12.1,99,9.2,99,99,2.7,2.7,99,EX,,,
players,Gerald,Green,SF,18,205.6,205,10,99,0,10,1,30,1,10,1,5.1,99,12.1,99,9.2,99,99,2.7,2.7,99,EX,,,
players,Brandan,Wright,PF,18,209.5,240,10,99,0,10,1,30,1,10,1,5.1,99,12.1,99,9.2,99,99,2.7,2.7,99,EX,,,
players,Joe,Johnson,SF,18,202.9,240,10,99,0,10,1,30,1,10,1,5.1,99,12.1,99,9.2,99,99,2.7,2.7,99,EX,,,
,,,,,,,,,,,,,,,,,,,,,,,,,,,,,
,,,,,,,,,,,,,,,,,,,,,,,,,,,,,
// Indiana Pacers,,,,,,,,,,,,,,,,,,,,,,,,,,,,,
,,,,,,,,,,,,,,,,,,,,,,,,,,,,,
,,,,,,,,,,,,,,,,,,,,,,,,,,,,,
players,Myles,Turner,C,18,211.2,244,11,99,0,10,1,30,1,10,1,5.1,99,12.1,99,9.2,99,99,2.7,2.7,99,EX,,,
players,Thaddeus,Young,PF,18,203.5,221,11,99,0,10,1,30,1,10,1,5.1,99,12.1,99,9.2,99,99,2.7,2.7,99,EX,,,
players,Bojan,Bogdanovic,SF,18,202.7,216,11,99,0,10,1,30,1,10,1,5.1,99,12.1,99,9.2,99,99,2.7,2.7,99,EX,,,
players,Victor,Oladipo,SG,18,193.7,210,11,99,0,10,1,30,1,10,1,5.1,99,12.1,99,9.2,99,99,2.7,2.7,99,EX,,,
players,Darren,Collison,PG,18,184.9,175,11,99,0,10,1,30,1,10,1,5.1,99,12.1,99,9.2,99,99,2.7,2.7,99,EX,,,
players,Ike,Anigbogu,C,18,210.4,250,11,99,0,10,1,30,1,10,1,5.1,99,12.1,99,9.2,99,99,2.7,2.7,99,EX,,,
players,Cory,Joseph,PG,18,191.5,185,11,99,0,10,1,30,1,10,1,5.1,99,12.1,99,9.2,99,99,2.7,2.7,99,EX,,,
players,Domantas,Sabonis,PF,18,209.2,231,11,99,0,10,1,30,1,10,1,5.1,99,12.1,99,9.2,99,99,2.7,2.7,99,EX,,,
players,TJ,Leaf,PF,18,210.5,225,11,99,0,10,1,30,1,10,1,5.1,99,12.1,99,9.2,99,99,2.7,2.7,99,EX,,,
players,Glenn,Robinson III,SG,18,198.8,222,11,99,0,10,1,30,1,10,1,5.1,99,12.1,99,9.2,99,99,2.7,2.7,99,EX,,,
players,Lance,Stephenson,SG,18,197.1,228,11,99,0,10,1,30,1,10,1,5.1,99,12.1,99,9.2,99,99,2.7,2.7,99,EX,,,
players,Al,Jefferson,C,18,210.1,289,11,99,0,10,1,30,1,10,1,5.1,99,12.1,99,9.2,99,99,2.7,2.7,99,EX,,,
players,Joe,Young,PG,18,188.2,180,11,99,0,10,1,30,1,10,1,5.1,99,12.1,99,9.2,99,99,2.7,2.7,99,EX,,,
,,,,,,,,,,,,,,,,,,,,,,,,,,,,,
,,,,,,,,,,,,,,,,,,,,,,,,,,,,,
// Los Angeles Clippers,,,,,,,,,,,,,,,,,,,,,,,,,,,,,
,,,,,,,,,,,,,,,,,,,,,,,,,,,,,
,,,,,,,,,,,,,,,,,,,,,,,,,,,,,
players,Deandre,Jordan,C,18,213.1,265,12,99,0,10,1,30,1,10,1,5.1,99,12.1,99,9.2,99,99,2.7,2.7,99,EX,,,
players,Danilo,Gallinari,PF,18,210,225,12,99,0,10,1,30,1,10,1,5.1,99,12.1,99,9.2,99,99,2.7,2.7,99,EX,,,
players,Austin,Rivers,SG,18,194.7,200,12,99,0,10,1,30,1,10,1,5.1,99,12.1,99,9.2,99,99,2.7,2.7,99,EX,,,
players,Patrick,Beverley,PG,18,185.5,185,12,99,0,10,1,30,1,10,1,5.1,99,12.1,99,9.2,99,99,2.7,2.7,99,EX,,,
players,Lou,Williams,SG,18,187.5,175,12,99,0,10,1,30,1,10,1,5.1,99,12.1,99,9.2,99,99,2.7,2.7,99,EX,,,
players,Milos,Teodosic,PG,18,196.4,196,12,99,0,10,1,30,1,10,1,5.1,99,12.1,99,9.2,99,99,2.7,2.7,99,EX,,,
players,Montrezl,Harrell,PF,18,205.5,240,12,99,0,10,1,30,1,10,1,5.1,99,12.1,99,9.2,99,99,2.7,2.7,99,EX,,,
players,Jawun,Evans,PG,18,182.6,177,12,99,0,10,1,30,1,10,1,5.1,99,12.1,99,9.2,99,99,2.7,2.7,99,EX,,,
players,Sam,Dekker,SF,18,206.1,230,12,99,0,10,1,30,1,10,1,5.1,99,12.1,99,9.2,99,99,2.7,2.7,99,EX,,,
players,Sindarius,Thornwell,SG,18,197.8,215,12,99,0,10,1,30,1,10,1,5.1,99,12.1,99,9.2,99,99,2.7,2.7,99,EX,,,
players,Wesley,Johnson,SF,18,202.6,215,12,99,0,10,1,30,1,10,1,5.1,99,12.1,99,9.2,99,99,2.7,2.7,99,EX,,,
players,Boban,Marjanovic,C,18,222.5,290,12,99,0,10,1,30,1,10,1,5.1,99,12.1,99,9.2,99,99,2.7,2.7,99,EX,,,
players,Avery,Bradley,SG,18,188.5,178,12,99,0,10,1,30,1,10,1,5.1,99,12.1,99,9.2,99,99,2.7,2.7,99,EX,,,
players,Tobias,Harris,PF,18,206.5,235,12,99,0,10,1,30,1,10,1,5.1,99,12.1,99,9.2,99,99,2.7,2.7,99,EX,,,
,,,,,,,,,,,,,,,,,,,,,,,,,,,,,
,,,,,,,,,,,,,,,,,,,,,,,,,,,,,
// Los Angeles Lakers,,,,,,,,,,,,,,,,,,,,,,,,,,,,,
,,,,,,,,,,,,,,,,,,,,,,,,,,,,,
,,,,,,,,,,,,,,,,,,,,,,,,,,,,,
players,Brook,Lopez,C,18,215.6,275,13,99,0,10,1,30,1,10,1,5.1,99,12.1,99,9.2,99,99,2.7,2.7,99,EX,,,
players,Julius,Randle,PF,18,207.8,250,13,99,0,10,1,30,1,10,1,5.1,99,12.1,99,9.2,99,99,2.7,2.7,99,EX,,,
players,Brandon,Ingram,SF,18,208.2,196,13,99,0,10,1,30,1,10,1,5.1,99,12.1,99,9.2,99,99,2.7,2.7,99,EX,,,
players,Kentavious,Caldwell-Pope,SG,18,197.8,205,13,99,0,10,1,30,1,10,1,5.1,99,12.1,99,9.2,99,99,2.7,2.7,99,EX,,,
players,Lonzo,Ball,PG,18,198.4,190,13,99,0,10,1,30,1,10,1,5.1,99,12.1,99,9.2,99,99,2.7,2.7,99,EX,,,
players,Kyle,Kuzma,PF,18,208,221,13,99,0,10,1,30,1,10,1,5.1,99,12.1,99,9.2,99,99,2.7,2.7,99,EX,,,
players,Loul,Deng,SF,18,206.5,220,13,99,0,10,1,30,1,10,1,5.1,99,12.1,99,9.2,99,99,2.7,2.7,99,EX,,,
players,Thomas,Bryant,C,18,210.5,255,13,99,0,10,1,30,1,10,1,5.1,99,12.1,99,9.2,99,99,2.7,2.7,99,EX,,,
players,Josh,Hart,SG,18,200.4,215,13,99,0,10,1,30,1,10,1,5.1,99,12.1,99,9.2,99,99,2.7,2.7,99,EX,,,
players,Tyler,Ennis,PG,18,191.1,194,13,99,0,10,1,30,1,10,1,5.1,99,12.1,99,9.2,99,99,2.7,2.7,99,EX,,,
players,Ivica,Zubac,C,18,217.6,265,13,99,0,10,1,30,1,10,1,5.1,99,12.1,99,9.2,99,99,2.7,2.7,99,EX,,,
players,Corey,Brewer,SF,18,207.2,184,13,99,0,10,1,30,1,10,1,5.1,99,12.1,99,9.2,99,99,2.7,2.7,99,EX,,,
players,Channing,Frye,PF,18,212,255,13,99,0,10,1,30,1,10,1,5.1,99,12.1,99,9.2,99,99,2.7,2.7,99,EX,,,
players,Isaiah,Thomas,PG,18,175.9,168,13,99,0,10,1,30,1,10,1,5.1,99,12.1,99,9.2,99,99,2.7,2.7,99,EX,,,
,,,,,,,,,,,,,,,,,,,,,,,,,,,,,
,,,,,,,,,,,,,,,,,,,,,,,,,,,,,
// Memphis Grizzlies,,,,,,,,,,,,,,,,,,,,,,,,,,,,,
,,,,,,,,,,,,,,,,,,,,,,,,,,,,,
,,,,,,,,,,,,,,,,,,,,,,,,,,,,,
players,Marc,Gasol,C,18,217.6,265,14,99,0,10,1,30,1,10,1,5.1,99,12.1,99,9.2,99,99,2.7,2.7,99,EX,,,
players,Jarell,Martin,PF,18,208.1,239,14,99,0,10,1,30,1,10,1,5.1,99,12.1,99,9.2,99,99,2.7,2.7,99,EX,,,
players,Andrew,Harrison,SG,18,200.8,213,14,99,0,10,1,30,1,10,1,5.1,99,12.1,99,9.2,99,99,2.7,2.7,99,EX,,,
players,Mike,Conley,PG,18,186.5,175,14,99,0,10,1,30,1,10,1,5.1,99,12.1,99,9.2,99,99,2.7,2.7,99,EX,,,
players,Mario,Chalmers,PG,18,188.8,190,14,99,0,10,1,30,1,10,1,5.1,99,12.1,99,9.2,99,99,2.7,2.7,99,EX,,,
players,Dillon,Brooks,SF,18,202.9,225,14,99,0,10,1,30,1,10,1,5.1,99,12.1,99,9.2,99,99,2.7,2.7,99,EX,,,
players,Chandler,Parsons,PF,18,207,227,14,99,0,10,1,30,1,10,1,5.1,99,12.1,99,9.2,99,99,2.7,2.7,99,EX,,,
players,Jamychal,Green,PF,18,209.5,227,14,99,0,10,1,30,1,10,1,5.1,99,12.1,99,9.2,99,99,2.7,2.7,99,EX,,,
players,Tyreke,Evans,SG,18,198.5,222,14,99,0,10,1,30,1,10,1,5.1,99,12.1,99,9.2,99,99,2.7,2.7,99,EX,,,
players,Ben,McLemore,SG,18,196.7,195,14,99,0,10,1,30,1,10,1,5.1,99,12.1,99,9.2,99,99,2.7,2.7,99,EX,,,
players,Wayne,Selden,SG,18,198.8,223,14,99,0,10,1,30,1,10,1,5.1,99,12.1,99,9.2,99,99,2.7,2.7,99,EX,,,
players,Ivan,Rabb,PF,18,210.5,220,14,99,0,10,1,30,1,10,1,5.1,99,12.1,99,9.2,99,99,2.7,2.7,99,EX,,,
players,Deyonta,Davis,PF,18,209.2,230,14,99,0,10,1,30,1,10,1,5.1,99,12.1,99,9.2,99,99,2.7,2.7,99,EX,,,
players,Brice,Johnson,PF,18,206.2,230,14,99,0,10,1,30,1,10,1,5.1,99,12.1,99,9.2,99,99,2.7,2.7,99,EX,,,
,,,,,,,,,,,,,,,,,,,,,,,,,,,,,
,,,,,,,,,,,,,,,,,,,,,,,,,,,,,
// Miami Heat,,,,,,,,,,,,,,,,,,,,,,,,,,,,,
,,,,,,,,,,,,,,,,,,,,,,,,,,,,,
,,,,,,,,,,,,,,,,,,,,,,,,,,,,,
players,Hassan,Whiteside,C,18,214.9,235,15,99,0,10,1,30,1,10,1,5.1,99,12.1,99,9.2,99,99,2.7,2.7,99,EX,,,
players,Kelly,Olynyk,PF,18,215.2,238,15,99,0,10,1,30,1,10,1,5.1,99,12.1,99,9.2,99,99,2.7,2.7,99,EX,,,
players,Josh,Richardson,SF,18,197.7,200,15,99,0,10,1,30,1,10,1,5.1,99,12.1,99,9.2,99,99,2.7,2.7,99,EX,,,
players,Dion,Waiters,SG,18,195.1,225,15,99,0,10,1,30,1,10,1,5.1,99,12.1,99,9.2,99,99,2.7,2.7,99,EX,,,
players,Goran,Dragic,PG,18,191.1,190,15,99,0,10,1,30,1,10,1,5.1,99,12.1,99,9.2,99,99,2.7,2.7,99,EX,,,
players,Justise,Winslow,SF,18,201.5,225,15,99,0,10,1,30,1,10,1,5.1,99,12.1,99,9.2,99,99,2.7,2.7,99,EX,,,
players,Tyler,Johnson,PG,18,195.3,186,15,99,0,10,1,30,1,10,1,5.1,99,12.1,99,9.2,99,99,2.7,2.7,99,EX,,,
players,Edrice,Adebayo,C,18,210.5,260,15,99,0,10,1,30,1,10,1,5.1,99,12.1,99,9.2,99,99,2.7,2.7,99,EX,,,
players,James,Johnson,PF,18,211.7,250,15,99,0,10,1,30,1,10,1,5.1,99,12.1,99,9.2,99,99,2.7,2.7,99,EX,,,
players,Rodney,McGruder,SG,18,195.1,205,15,99,0,10,1,30,1,10,1,5.1,99,12.1,99,9.2,99,99,2.7,2.7,99,EX,,,
players,Wayne,Ellington,SG,18,194,200,15,99,0,10,1,30,1,10,1,5.1,99,12.1,99,9.2,99,99,2.7,2.7,99,EX,,,
players,Udonis,Haslem,PF,18,204.9,235,15,99,0,10,1,30,1,10,1,5.1,99,12.1,99,9.2,99,99,2.7,2.7,99,EX,,,
players,Okaro,White,PF,18,206.5,204,15,99,0,10,1,30,1,10,1,5.1,99,12.1,99,9.2,99,99,2.7,2.7,99,EX,,,
players,Luke,Babbitt,SF,18,210.5,225,15,99,0,10,1,30,1,10,1,5.1,99,12.1,99,9.2,99,99,2.7,2.7,99,EX,,,
,,,,,,,,,,,,,,,,,,,,,,,,,,,,,
,,,,,,,,,,,,,,,,,,,,,,,,,,,,,
// Milwaukee Bucks,,,,,,,,,,,,,,,,,,,,,,,,,,,,,
,,,,,,,,,,,,,,,,,,,,,,,,,,,,,
,,,,,,,,,,,,,,,,,,,,,,,,,,,,,
players,Jabari,Parker,PF,18,204,240,16,99,0,10,1,30,1,10,1,5.1,99,12.1,99,9.2,99,99,2.7,2.7,99,EX,,,
players,Giannis,Antetokounmpo,SF,18,211.6,217,16,99,0,10,1,30,1,10,1,5.1,99,12.1,99,9.2,99,99,2.7,2.7,99,EX,,,
players,Tony,Snell,SG,18,202.8,208,16,99,0,10,1,30,1,10,1,5.1,99,12.1,99,9.2,99,99,2.7,2.7,99,EX,,,
players,Malcolm,Brogdon,PG,18,196.4,215,16,99,0,10,1,30,1,10,1,5.1,99,12.1,99,9.2,99,99,2.7,2.7,99,EX,,,
players,Chris,Middleton,SF,18,203.2,225,16,99,0,10,1,30,1,10,1,5.1,99,12.1,99,9.2,99,99,2.7,2.7,99,EX,,,
players,Matthew,Dellavedova,PG,18,195.2,198,16,99,0,10,1,30,1,10,1,5.1,99,12.1,99,9.2,99,99,2.7,2.7,99,EX,,,
players,Thon,Maker,PF,18,214.1,219,16,99,0,10,1,30,1,10,1,5.1,99,12.1,99,9.2,99,99,2.7,2.7,99,EX,,,
players,John,Henson,C,18,212.1,230,16,99,0,10,1,30,1,10,1,5.1,99,12.1,99,9.2,99,99,2.7,2.7,99,EX,,,
players,Jason,Terry,SG,18,188.1,181,16,99,0,10,1,30,1,10,1,5.1,99,12.1,99,9.2,99,99,2.7,2.7,99,EX,,,
players,Mirza,Teletovic,PF,18,204.5,242,16,99,0,10,1,30,1,10,1,5.1,99,12.1,99,9.2,99,99,2.7,2.7,99,EX,,,
players,Tyler,Zeller,C,18,215.5,253,16,99,0,10,1,30,1,10,1,5.1,99,12.1,99,9.2,99,99,2.7,2.7,99,EX,,,
,,,,,,,,,,,,,,,,,,,,,,,,,,,,,
,,,,,,,,,,,,,,,,,,,,,,,,,,,,,
// Minnesota Timberwolves,,,,,,,,,,,,,,,,,,,,,,,,,,,,,
,,,,,,,,,,,,,,,,,,,,,,,,,,,,,
,,,,,,,,,,,,,,,,,,,,,,,,,,,,,
players,Karl-Anthony,Towns,C,18,212,242,17,99,0,10,1,30,1,10,1,5.1,99,12.1,99,9.2,99,99,2.7,2.7,99,EX,,,
players,Taj,Gibson,PF,18,206.1,223,17,99,0,10,1,30,1,10,1,5.1,99,12.1,99,9.2,99,99,2.7,2.7,99,EX,,,
players,Andrew,Wiggins,SF,18,205.1,200,17,99,0,10,1,30,1,10,1,5.1,99,12.1,99,9.2,99,99,2.7,2.7,99,EX,,,
players,Jimmy,Butler,SG,18,201.5,216,17,99,0,10,1,30,1,10,1,5.1,99,12.1,99,9.2,99,99,2.7,2.7,99,EX,,,
players,Jeff,Teague,PG,18,189.5,195,17,99,0,10,1,30,1,10,1,5.1,99,12.1,99,9.2,99,99,2.7,2.7,99,EX,,,
players,Gorgui,Dieng,PF,18,212.9,235,17,99,0,10,1,30,1,10,1,5.1,99,12.1,99,9.2,99,99,2.7,2.7,99,EX,,,
players,Shabazz,Muhammad,SF,18,199.2,227,17,99,0,10,1,30,1,10,1,5.1,99,12.1,99,9.2,99,99,2.7,2.7,99,EX,,,
players,Jamal,Crawford,SG,18,197.7,195,17,99,0,10,1,30,1,10,1,5.1,99,12.1,99,9.2,99,99,2.7,2.7,99,EX,,,
players,Nemanja,Bjelica,PF,18,210.5,240,17,99,0,10,1,30,1,10,1,5.1,99,12.1,99,9.2,99,99,2.7,2.7,99,EX,,,
players,Aaron,Brooks,PG,18,183.1,161,17,99,0,10,1,30,1,10,1,5.1,99,12.1,99,9.2,99,99,2.7,2.7,99,EX,,,
players,Justin,Patton,C,18,215.6,230,17,99,0,10,1,30,1,10,1,5.1,99,12.1,99,9.2,99,99,2.7,2.7,99,EX,,,
players,Tyus,Jones,PG,18,188.8,195,17,99,0,10,1,30,1,10,1,5.1,99,12.1,99,9.2,99,99,2.7,2.7,99,EX,,,
players,Cole,Aldrich,C,18,212.9,245,17,99,0,10,1,30,1,10,1,5.1,99,12.1,99,9.2,99,99,2.7,2.7,99,EX,,,
,,,,,,,,,,,,,,,,,,,,,,,,,,,,,
,,,,,,,,,,,,,,,,,,,,,,,,,,,,,
// New Orleans Pelicans,,,,,,,,,,,,,,,,,,,,,,,,,,,,,
,,,,,,,,,,,,,,,,,,,,,,,,,,,,,
,,,,,,,,,,,,,,,,,,,,,,,,,,,,,
players,Anthony,Davis,C,18,210.5,220,18,99,0,10,1,30,1,10,1,5.1,99,12.1,99,9.2,99,99,2.7,2.7,99,EX,,,
players,Demarcus,Cousins,C,18,213,270,18,99,0,10,1,30,1,10,1,5.1,99,12.1,99,9.2,99,99,2.7,2.7,99,EX,,,
players,Etwaun,Moore,SG,18,202.8,191,18,99,0,10,1,30,1,10,1,5.1,99,12.1,99,9.2,99,99,2.7,2.7,99,EX,,,
players,Jrue,Holiday,PG,18,195.1,205,18,99,0,10,1,30,1,10,1,5.1,99,12.1,99,9.2,99,99,2.7,2.7,99,EX,,,
players,Rajon,Rondo,PG,18,186.5,186,18,99,0,10,1,30,1,10,1,5.1,99,12.1,99,9.2,99,99,2.7,2.7,99,EX,,,
players,Solomon,Hill,SF,18,202.7,225,18,99,0,10,1,30,1,10,1,5.1,99,12.1,99,9.2,99,99,2.7,2.7,99,EX,,,
players,Jordan,Crawford,SG,18,198.1,195,18,99,0,10,1,30,1,10,1,5.1,99,12.1,99,9.2,99,99,2.7,2.7,99,EX,,,
players,Ian,Clark,PG,18,190.6,175,18,99,0,10,1,30,1,10,1,5.1,99,12.1,99,9.2,99,99,2.7,2.7,99,EX,,,
players,Alexis,Anjica,C,18,219.7,248,18,99,0,10,1,30,1,10,1,5.1,99,12.1,99,9.2,99,99,2.7,2.7,99,EX,,,
players,DeAndre,Liggins,SG,18,197.8,209,18,99,0,10,1,30,1,10,1,5.1,99,12.1,99,9.2,99,99,2.7,2.7,99,EX,,,
players,Nikola,Mirotic,PF,18,209.5,221,18,99,0,10,1,30,1,10,1,5.1,99,12.1,99,9.2,99,99,2.7,2.7,99,EX,,,
players,Emeka,Okafor,C,18,211,258,18,99,0,10,1,30,1,10,1,5.1,99,12.1,99,9.2,99,99,2.7,2.7,99,EX,,,
,,,,,,,,,,,,,,,,,,,,,,,,,,,,,
,,,,,,,,,,,,,,,,,,,,,,,,,,,,,
// New York Knicks,,,,,,,,,,,,,,,,,,,,,,,,,,,,,
,,,,,,,,,,,,,,,,,,,,,,,,,,,,,
,,,,,,,,,,,,,,,,,,,,,,,,,,,,,
players,Enes,Kanter,C,18,212.5,245,19,99,0,10,1,30,1,10,1,5.1,99,12.1,99,9.2,99,99,2.7,2.7,99,EX,,,
players,Kristaps,Porzingis,PF,18,215,240,19,99,0,10,1,30,1,10,1,5.1,99,12.1,99,9.2,99,99,2.7,2.7,99,EX,,,
players,Tim,Hardaway,SF,18,198.7,205,19,99,0,10,1,30,1,10,1,5.1,99,12.1,99,9.2,99,99,2.7,2.7,99,EX,,,
players,Courtney,Lee,SG,18,198.1,201,19,99,0,10,1,30,1,10,1,5.1,99,12.1,99,9.2,99,99,2.7,2.7,99,EX,,,
players,Frank,Ntilikina,PG,18,197.7,190,19,99,0,10,1,30,1,10,1,5.1,99,12.1,99,9.2,99,99,2.7,2.7,99,EX,,,
players,Lance,Thomas,SF,18,205.2,225,19,99,0,10,1,30,1,10,1,5.1,99,12.1,99,9.2,99,99,2.7,2.7,99,EX,,,
players,Michael,Beasley,PF,18,210.1,235,19,99,0,10,1,30,1,10,1,5.1,99,12.1,99,9.2,99,99,2.7,2.7,99,EX,,,
players,Jarrett,Jack,PG,18,191.1,198,19,99,0,10,1,30,1,10,1,5.1,99,12.1,99,9.2,99,99,2.7,2.7,99,EX,,,
players,Joakim,Noah,C,18,212.6,232,19,99,0,10,1,30,1,10,1,5.1,99,12.1,99,9.2,99,99,2.7,2.7,99,EX,,,
players,Ron,Baker,SG,18,193.4,220,19,99,0,10,1,30,1,10,1,5.1,99,12.1,99,9.2,99,99,2.7,2.7,99,EX,,,
players,Kyle,OQuinn,C,18,210.5,250,19,99,0,10,1,30,1,10,1,5.1,99,12.1,99,9.2,99,99,2.7,2.7,99,EX,,,
players,Trey,Burke,PG,18,187.8,185,19,99,0,10,1,30,1,10,1,5.1,99,12.1,99,9.2,99,99,2.7,2.7,99,EX,,,
players,Emmanuel,Mudiay,PG,18,198,201,19,99,0,10,1,30,1,10,1,5.1,99,12.1,99,9.2,99,99,2.7,2.7,99,EX,,,
,,,,,,,,,,,,,,,,,,,,,,,,,,,,,
,,,,,,,,,,,,,,,,,,,,,,,,,,,,,
// Oklahoma City Thunder,,,,,,,,,,,,,,,,,,,,,,,,,,,,,
,,,,,,,,,,,,,,,,,,,,,,,,,,,,,
,,,,,,,,,,,,,,,,,,,,,,,,,,,,,
players,Steven,Adams,C,18,215.6,255,20,99,0,10,1,30,1,10,1,5.1,99,12.1,99,9.2,99,99,2.7,2.7,99,EX,,,
players,Carmelo,Anthony,PF,18,204,240,20,99,0,10,1,30,1,10,1,5.1,99,12.1,99,9.2,99,99,2.7,2.7,99,EX,,,
players,Paul,George,SF,18,208,225,20,99,0,10,1,30,1,10,1,5.1,99,12.1,99,9.2,99,99,2.7,2.7,99,EX,,,
players,Andre,Roberson,SG,18,200,210,20,99,0,10,1,30,1,10,1,5.1,99,12.1,99,9.2,99,99,2.7,2.7,99,EX,,,
players,Russell,Westbrook,PG,18,192.6,200,20,99,0,10,1,30,1,10,1,5.1,99,12.1,99,9.2,99,99,2.7,2.7,99,EX,,,
players,Patrick,Patterson,PF,18,207.2,235,20,99,0,10,1,30,1,10,1,5.1,99,12.1,99,9.2,99,99,2.7,2.7,99,EX,,,
players,Jerami,Grant,SF,18,205.2,210,20,99,0,10,1,30,1,10,1,5.1,99,12.1,99,9.2,99,99,2.7,2.7,99,EX,,,
players,Alex,Abrines,SG,18,198.2,190,20,99,0,10,1,30,1,10,1,5.1,99,12.1,99,9.2,99,99,2.7,2.7,99,EX,,,
players,Raymond,Felton,PG,18,180.5,197,20,99,0,10,1,30,1,10,1,5.1,99,12.1,99,9.2,99,99,2.7,2.7,99,EX,,,
players,Josh,Huestis,SF,18,201.5,230,20,99,0,10,1,30,1,10,1,5.1,99,12.1,99,9.2,99,99,2.7,2.7,99,EX,,,
players,Terrance,Ferguson,SG,18,202.9,185,20,99,0,10,1,30,1,10,1,5.1,99,12.1,99,9.2,99,99,2.7,2.7,99,EX,,,
players,Kyle,Singler,SF,18,205.5,228,20,99,0,10,1,30,1,10,1,5.1,99,12.1,99,9.2,99,99,2.7,2.7,99,EX,,,
players,Nick,Collison,PF,18,209.6,255,20,99,0,10,1,30,1,10,1,5.1,99,12.1,99,9.2,99,99,2.7,2.7,99,EX,,,
players,PJ,Dozier,SG,18,200.4,205,20,99,0,10,1,30,1,10,1,5.1,99,12.1,99,9.2,99,99,2.7,2.7,99,EX,,,
,,,,,,,,,,,,,,,,,,,,,,,,,,,,,
,,,,,,,,,,,,,,,,,,,,,,,,,,,,,
// Orlando Magic,,,,,,,,,,,,,,,,,,,,,,,,,,,,,
,,,,,,,,,,,,,,,,,,,,,,,,,,,,,
,,,,,,,,,,,,,,,,,,,,,,,,,,,,,
players,Nikola,Vucevic,C,18,215.6,260,21,99,0,10,1,30,1,10,1,5.1,99,12.1,99,9.2,99,99,2.7,2.7,99,EX,,,
players,Aaron,Gordon,PF,18,208,220,21,99,0,10,1,30,1,10,1,5.1,99,12.1,99,9.2,99,99,2.7,2.7,99,EX,,,
players,Evan,Fournier,SF,18,201.8,205,21,99,0,10,1,30,1,10,1,5.1,99,12.1,99,9.2,99,99,2.7,2.7,99,EX,,,
players,Terrence,Ross,SG,18,200.8,195,21,99,0,10,1,30,1,10,1,5.1,99,12.1,99,9.2,99,99,2.7,2.7,99,EX,,,
players,Jonathan,Isaac,PF,18,210.4,210,21,99,0,10,1,30,1,10,1,5.1,99,12.1,99,9.2,99,99,2.7,2.7,99,EX,,,
players,Bismack,Biyombo,C,18,207.9,245,21,99,0,10,1,30,1,10,1,5.1,99,12.1,99,9.2,99,99,2.7,2.7,99,EX,,,
players,Shelvin,Mack,PG,18,193.9,203,21,99,0,10,1,30,1,10,1,5.1,99,12.1,99,9.2,99,99,2.7,2.7,99,EX,,,
players,DJ,Augustine,PG,18,183.5,183,21,99,0,10,1,30,1,10,1,5.1,99,12.1,99,9.2,99,99,2.7,2.7,99,EX,,,
players,Mario,Hezonja,SG,18,205.2,198,21,99,0,10,1,30,1,10,1,5.1,99,12.1,99,9.2,99,99,2.7,2.7,99,EX,,,
players,Jonathon,Simmons,SG,18,199.8,195,21,99,0,10,1,30,1,10,1,5.1,99,12.1,99,9.2,99,99,2.7,2.7,99,EX,,,
players,Marreese,Speights,C,18,209.5,255,21,99,0,10,1,30,1,10,1,5.1,99,12.1,99,9.2,99,99,2.7,2.7,99,EX,,,
players,Arron,Afflalo,SG,18,197.5,215,21,99,0,10,1,30,1,10,1,5.1,99,12.1,99,9.2,99,99,2.7,2.7,99,EX,,,
,,,,,,,,,,,,,,,,,,,,,,,,,,,,,
,,,,,,,,,,,,,,,,,,,,,,,,,,,,,
// Philadelphia 76ers,,,,,,,,,,,,,,,,,,,,,,,,,,,,,
,,,,,,,,,,,,,,,,,,,,,,,,,,,,,
,,,,,,,,,,,,,,,,,,,,,,,,,,,,,
players,Joel,Embiid,C,18,214,250,22,99,0,10,1,30,1,10,1,5.1,99,12.1,99,9.2,99,99,2.7,2.7,99,EX,,,
players,Ben,Simmons,PF,18,209.4,239,22,99,0,10,1,30,1,10,1,5.1,99,12.1,99,9.2,99,99,2.7,2.7,99,EX,,,
players,Robert,Covington,SF,18,207.8,215,22,99,0,10,1,30,1,10,1,5.1,99,12.1,99,9.2,99,99,2.7,2.7,99,EX,,,
players,JJ,Redick,SG,18,194.5,190,22,99,0,10,1,30,1,10,1,5.1,99,12.1,99,9.2,99,99,2.7,2.7,99,EX,,,
players,Jerryd,Bayless,PG,18,191.2,200,22,99,0,10,1,30,1,10,1,5.1,99,12.1,99,9.2,99,99,2.7,2.7,99,EX,,,
players,Markelle,Fultz,PG,18,195.3,195,22,99,0,10,1,30,1,10,1,5.1,99,12.1,99,9.2,99,99,2.7,2.7,99,EX,,,
players,TJ,McConnell,PG,18,188.2,200,22,99,0,10,1,30,1,10,1,5.1,99,12.1,99,9.2,99,99,2.7,2.7,99,EX,,,
players,Amir,Johnson,PF,18,206.5,240,22,99,0,10,1,30,1,10,1,5.1,99,12.1,99,9.2,99,99,2.7,2.7,99,EX,,,
players,Furkan,Korkmaz,SG,18,202.5,185,22,99,0,10,1,30,1,10,1,5.1,99,12.1,99,9.2,99,99,2.7,2.7,99,EX,,,
players,Dario,Saric,PF,18,208.6,223,22,99,0,10,1,30,1,10,1,5.1,99,12.1,99,9.2,99,99,2.7,2.7,99,EX,,,
players,Justin,Anderson,SG,18,198.2,228,22,99,0,10,1,30,1,10,1,5.1,99,12.1,99,9.2,99,99,2.7,2.7,99,EX,,,
players,Richaun,Holmes,PF,18,208.6,245,22,99,0,10,1,30,1,10,1,5.1,99,12.1,99,9.2,99,99,2.7,2.7,99,EX,,,
players,Timothe,Luwawu-Cabarrot,SG,18,203,205,22,99,0,10,1,30,1,10,1,5.1,99,12.1,99,9.2,99,99,2.7,2.7,99,EX,,,
players,Trevor,Booker,PF,18,205,202,22,99,0,10,1,30,1,10,1,5.1,99,12.1,99,9.2,99,99,2.7,2.7,99,EX,,,
players,Marco,Belinelli,SG,18,197.1,215,22,99,0,10,1,30,1,10,1,5.1,99,12.1,99,9.2,99,99,2.7,2.7,99,EX,,,
,,,,,,,,,,,,,,,,,,,,,,,,,,,,,
,,,,,,,,,,,,,,,,,,,,,,,,,,,,,
// Phoenix Suns,,,,,,,,,,,,,,,,,,,,,,,,,,,,,
,,,,,,,,,,,,,,,,,,,,,,,,,,,,,
,,,,,,,,,,,,,,,,,,,,,,,,,,,,,
players,Tyson,Chandler,C,18,215,243,23,99,0,10,1,30,1,10,1,5.1,99,12.1,99,9.2,99,99,2.7,2.7,99,EX,,,
players,Josh,Jackson,PF,18,205.3,205,23,99,0,10,1,30,1,10,1,5.1,99,12.1,99,9.2,99,99,2.7,2.7,99,EX,,,
players,TJ,Warren,SF,18,205.2,230,23,99,0,10,1,30,1,10,1,5.1,99,12.1,99,9.2,99,99,2.7,2.7,99,EX,,,
players,Devin,Booker,SG,18,199,206,23,99,0,10,1,30,1,10,1,5.1,99,12.1,99,9.2,99,99,2.7,2.7,99,EX,,,
players,Eric,Bledsoe,PG,18,187.5,190,23,99,0,10,1,30,1,10,1,5.1,99,12.1,99,9.2,99,99,2.7,2.7,99,EX,,,
players,Marquese,Chriss,PF,18,206.6,225,23,99,0,10,1,30,1,10,1,5.1,99,12.1,99,9.2,99,99,2.7,2.7,99,EX,,,
players,Brandon,Knight,PG,18,191.6,189,23,99,0,10,1,30,1,10,1,5.1,99,12.1,99,9.2,99,99,2.7,2.7,99,EX,,,
players,Alex,Len,C,18,216.1,260,23,99,0,10,1,30,1,10,1,5.1,99,12.1,99,9.2,99,99,2.7,2.7,99,EX,,,
players,Jared,Dudley,SF,18,203.1,225,23,99,0,10,1,30,1,10,1,5.1,99,12.1,99,9.2,99,99,2.7,2.7,99,EX,,,
players,Tyler,Ulis,PG,18,177.2,160,23,99,0,10,1,30,1,10,1,5.1,99,12.1,99,9.2,99,99,2.7,2.7,99,EX,,,
players,Alan,Williams,PF,18,203.1,260,23,99,0,10,1,30,1,10,1,5.1,99,12.1,99,9.2,99,99,2.7,2.7,99,EX,,,
players,Troy,Daniels,SG,18,195.2,205,23,99,0,10,1,30,1,10,1,5.1,99,12.1,99,9.2,99,99,2.7,2.7,99,EX,,,
players,Dragan,Bender,C,18,217.9,225,23,99,0,10,1,30,1,10,1,5.1,99,12.1,99,9.2,99,99,2.7,2.7,99,EX,,,
players,Alec,Peters,PF,18,205.5,235,23,99,0,10,1,30,1,10,1,5.1,99,12.1,99,9.2,99,99,2.7,2.7,99,EX,,,
players,Elfrid,Payton,PG,18,194.2,185,23,99,0,10,1,30,1,10,1,5.1,99,12.1,99,9.2,99,99,2.7,2.7,99,EX,,,
,,,,,,,,,,,,,,,,,,,,,,,,,,,,,
,,,,,,,,,,,,,,,,,,,,,,,,,,,,,
// Portland Trail Blazers,,,,,,,,,,,,,,,,,,,,,,,,,,,,,
,,,,,,,,,,,,,,,,,,,,,,,,,,,,,
,,,,,,,,,,,,,,,,,,,,,,,,,,,,,
players,Jusuf,Nurkic,C,18,212.9,278,24,99,0,10,1,30,1,10,1,5.1,99,12.1,99,9.2,99,99,2.7,2.7,99,EX,,,
players,Al-Faruq,Aminu,PF,18,205.5,215,24,99,0,10,1,30,1,10,1,5.1,99,12.1,99,9.2,99,99,2.7,2.7,99,EX,,,
players,Maurice,Harkless,SF,18,206.5,215,24,99,0,10,1,30,1,10,1,5.1,99,12.1,99,9.2,99,99,2.7,2.7,99,EX,,,
players,CJ,McCollum,PG,18,190.6,200,24,99,0,10,1,30,1,10,1,5.1,99,12.1,99,9.2,99,99,2.7,2.7,99,EX,,,
players,Damian,Lillard,PG,18,192.6,195,24,99,0,10,1,30,1,10,1,5.1,99,12.1,99,9.2,99,99,2.7,2.7,99,EX,,,
players,Zach,Collins,C,18,215.6,230,24,99,0,10,1,30,1,10,1,5.1,99,12.1,99,9.2,99,99,2.7,2.7,99,EX,,,
players,Evan,Turner,SG,18,202,219,24,99,0,10,1,30,1,10,1,5.1,99,12.1,99,9.2,99,99,2.7,2.7,99,EX,,,
players,Ed,Davis,PF,18,210.1,240,24,99,0,10,1,30,1,10,1,5.1,99,12.1,99,9.2,99,99,2.7,2.7,99,EX,,,
players,Caleb,Swanigan,PF,18,205.5,250,24,99,0,10,1,30,1,10,1,5.1,99,12.1,99,9.2,99,99,2.7,2.7,99,EX,,,
players,Jake,Layman,SF,18,205.9,220,24,99,0,10,1,30,1,10,1,5.1,99,12.1,99,9.2,99,99,2.7,2.7,99,EX,,,
players,Meyers,Leonard,C,18,217.6,255,24,99,0,10,1,30,1,10,1,5.1,99,12.1,99,9.2,99,99,2.7,2.7,99,EX,,,
players,Shabazz,Napier,PG,18,186.1,175,24,99,0,10,1,30,1,10,1,5.1,99,12.1,99,9.2,99,99,2.7,2.7,99,EX,,,
,,,,,,,,,,,,,,,,,,,,,,,,,,,,,
,,,,,,,,,,,,,,,,,,,,,,,,,,,,,
// Sacramento Kings,,,,,,,,,,,,,,,,,,,,,,,,,,,,,
,,,,,,,,,,,,,,,,,,,,,,,,,,,,,
,,,,,,,,,,,,,,,,,,,,,,,,,,,,,
players,Willie,Cauley-Stein,C,18,214.2,243,25,99,0,10,1,30,1,10,1,5.1,99,12.1,99,9.2,99,99,2.7,2.7,99,EX,,,
players,Zach,Randolph,PF,18,206.1,260,25,99,0,10,1,30,1,10,1,5.1,99,12.1,99,9.2,99,99,2.7,2.7,99,EX,,,
players,Justin,Jackson,SF,18,205.5,210,25,99,0,10,1,30,1,10,1,5.1,99,12.1,99,9.2,99,99,2.7,2.7,99,EX,,,
players,Buddy,Hield,SG,18,193.3,214,25,99,0,10,1,30,1,10,1,5.1,99,12.1,99,9.2,99,99,2.7,2.7,99,EX,,,
players,De'Aaron,Fox,PG,18,192.6,175,25,99,0,10,1,30,1,10,1,5.1,99,12.1,99,9.2,99,99,2.7,2.7,99,EX,,,
players,Garrett,Temple,SG,18,199.1,195,25,99,0,10,1,30,1,10,1,5.1,99,12.1,99,9.2,99,99,2.7,2.7,99,EX,,,
players,Kosta,Koufos,C,18,214.5,265,25,99,0,10,1,30,1,10,1,5.1,99,12.1,99,9.2,99,99,2.7,2.7,99,EX,,,
players,Harry,Giles,PF,18,210.5,240,25,99,0,10,1,30,1,10,1,5.1,99,12.1,99,9.2,99,99,2.7,2.7,99,EX,,,
players,Bogdan,Bogdanovic,SF,18,206.8,216,25,99,0,10,1,30,1,10,1,5.1,99,12.1,99,9.2,99,99,2.7,2.7,99,EX,,,
players,Vince,Carter,SG,18,199.1,220,25,99,0,10,1,30,1,10,1,5.1,99,12.1,99,9.2,99,99,2.7,2.7,99,EX,,,
players,Frank,Mason III,PG,18,182.6,190,25,99,0,10,1,30,1,10,1,5.1,99,12.1,99,9.2,99,99,2.7,2.7,99,EX,,,
players,Skal,Labissiere,PF,18,213.8,216,25,99,0,10,1,30,1,10,1,5.1,99,12.1,99,9.2,99,99,2.7,2.7,99,EX,,,
players,Iman,Shumpert,SG,18,195.7,216,25,99,0,10,1,30,1,10,1,5.1,99,12.1,99,9.2,99,99,2.7,2.7,99,EX,,,
,,,,,,,,,,,,,,,,,,,,,,,,,,,,,
,,,,,,,,,,,,,,,,,,,,,,,,,,,,,
// San Antonio Spurs,,,,,,,,,,,,,,,,,,,,,,,,,,,,,
,,,,,,,,,,,,,,,,,,,,,,,,,,,,,
,,,,,,,,,,,,,,,,,,,,,,,,,,,,,
players,Pau,Gasol,C,18,215.1,250,26,99,0,10,1,30,1,10,1,5.1,99,12.1,99,9.2,99,99,2.7,2.7,99,EX,,,
players,Lamarcus,Aldridge,PF,18,211.5,260,26,99,0,10,1,30,1,10,1,5.1,99,12.1,99,9.2,99,99,2.7,2.7,99,EX,,,
players,Kawhi,Leonard,SF,18,201.5,230,26,99,0,10,1,30,1,10,1,5.1,99,12.1,99,9.2,99,99,2.7,2.7,99,EX,,,
players,Danny,Green,SG,18,199,210,26,99,0,10,1,30,1,10,1,5.1,99,12.1,99,9.2,99,99,2.7,2.7,99,EX,,,
players,Tony,Parker,PG,18,189,185,26,99,0,10,1,30,1,10,1,5.1,99,12.1,99,9.2,99,99,2.7,2.7,99,EX,,,
players,Rudy,Gay,SF,18,204.5,230,26,99,0,10,1,30,1,10,1,5.1,99,12.1,99,9.2,99,99,2.7,2.7,99,EX,,,
players,Dejounte,Murray,PG,18,195.8,170,26,99,0,10,1,30,1,10,1,5.1,99,12.1,99,9.2,99,99,2.7,2.7,99,EX,,,
players,Patty,Mills,PG,18,184.5,185,26,99,0,10,1,30,1,10,1,5.1,99,12.1,99,9.2,99,99,2.7,2.7,99,EX,,,
players,Manu,Ginobili,SG,18,199.8,205,26,99,0,10,1,30,1,10,1,5.1,99,12.1,99,9.2,99,99,2.7,2.7,99,EX,,,
players,Joffrey,Lauvergne,C,18,212.9,220,26,99,0,10,1,30,1,10,1,5.1,99,12.1,99,9.2,99,99,2.7,2.7,99,EX,,,
players,Kyle,Anderson,SF,18,207.7,230,26,99,0,10,1,30,1,10,1,5.1,99,12.1,99,9.2,99,99,2.7,2.7,99,EX,,,
players,Davis,Bertans,SF,18,208.6,210,26,99,0,10,1,30,1,10,1,5.1,99,12.1,99,9.2,99,99,2.7,2.7,99,EX,,,
,,,,,,,,,,,,,,,,,,,,,,,,,,,,,
,,,,,,,,,,,,,,,,,,,,,,,,,,,,,
// Toronto Raptors,,,,,,,,,,,,,,,,,,,,,,,,,,,,,
,,,,,,,,,,,,,,,,,,,,,,,,,,,,,
,,,,,,,,,,,,,,,,,,,,,,,,,,,,,
players,Jonas,Valanciunas,C,18,214.5,240,27,99,0,10,1,30,1,10,1,5.1,99,12.1,99,9.2,99,99,2.7,2.7,99,EX,,,
players,Serge,Ibaka,PF,18,208.5,245,27,99,0,10,1,30,1,10,1,5.1,99,12.1,99,9.2,99,99,2.7,2.7,99,EX,,,
players,Norman,Powell,SF,18,200.8,215,27,99,0,10,1,30,1,10,1,5.1,99,12.1,99,9.2,99,99,2.7,2.7,99,EX,,,
players,Demar,DeRozan,SG,18,200.8,220,27,99,0,10,1,30,1,10,1,5.1,99,12.1,99,9.2,99,99,2.7,2.7,99,EX,,,
players,Kyle,Lowry,PG,18,185,205,27,99,0,10,1,30,1,10,1,5.1,99,12.1,99,9.2,99,99,2.7,2.7,99,EX,,,
players,CJ,Miles,SG,18,198.8,225,27,99,0,10,1,30,1,10,1,5.1,99,12.1,99,9.2,99,99,2.7,2.7,99,EX,,,
players,OG,Anunoby,SF,18,204.4,235,27,99,0,10,1,30,1,10,1,5.1,99,12.1,99,9.2,99,99,2.7,2.7,99,EX,,,
players,Delon,Wright,PG,18,191.5,190,27,99,0,10,1,30,1,10,1,5.1,99,12.1,99,9.2,99,99,2.7,2.7,99,EX,,,
players,Pascal,Siakam,PF,18,206.4,230,27,99,0,10,1,30,1,10,1,5.1,99,12.1,99,9.2,99,99,2.7,2.7,99,EX,,,
players,Jakob,Poeltl,C,18,216.7,242,27,99,0,10,1,30,1,10,1,5.1,99,12.1,99,9.2,99,99,2.7,2.7,99,EX,,,
players,Lucas,Nogueira,C,18,212,220,27,99,0,10,1,30,1,10,1,5.1,99,12.1,99,9.2,99,99,2.7,2.7,99,EX,,,
players,Malachi,Richardson,SG,18,195.8,195,27,99,0,10,1,30,1,10,1,5.1,99,12.1,99,9.2,99,99,2.7,2.7,99,EX,,,
,,,,,,,,,,,,,,,,,,,,,,,,,,,,,
,,,,,,,,,,,,,,,,,,,,,,,,,,,,,
// Utah Jazz,,,,,,,,,,,,,,,,,,,,,,,,,,,,,
,,,,,,,,,,,,,,,,,,,,,,,,,,,,,
,,,,,,,,,,,,,,,,,,,,,,,,,,,,,
players,Rudy,Gobert,C,18,212,246,28,99,0,10,1,30,1,10,1,5.1,99,12.1,99,9.2,99,99,2.7,2.7,99,EX,,,
players,Derrick,Favors,PF,18,213,262,28,99,0,10,1,30,1,10,1,5.1,99,12.1,99,9.2,99,99,2.7,2.7,99,EX,,,
players,Joe,Ingles,SF,18,205.2,208,28,99,0,10,1,30,1,10,1,5.1,99,12.1,99,9.2,99,99,2.7,2.7,99,EX,,,
players,Ricky,Rubio,PG,18,195.1,192,28,99,0,10,1,30,1,10,1,5.1,99,12.1,99,9.2,99,99,2.7,2.7,99,EX,,,
players,Donovan,Mitchell,SG,18,192.8,215,28,99,0,10,1,30,1,10,1,5.1,99,12.1,99,9.2,99,99,2.7,2.7,99,EX,,,
players,Ekpe,Udoh,PF,18,207.5,207,28,99,0,10,1,30,1,10,1,5.1,99,12.1,99,9.2,99,99,2.7,2.7,99,EX,,,
players,Tony,Bradley,C,18,210.5,240,28,99,0,10,1,30,1,10,1,5.1,99,12.1,99,9.2,99,99,2.7,2.7,99,EX,,,
players,Alec,Burks,SG,18,199.1,211,28,99,0,10,1,30,1,10,1,5.1,99,12.1,99,9.2,99,99,2.7,2.7,99,EX,,,
players,Raul,Neto,PG,18,185.5,179,28,99,0,10,1,30,1,10,1,5.1,99,12.1,99,9.2,99,99,2.7,2.7,99,EX,,,
players,Dante,Exum,PG,18,200.5,192,28,99,0,10,1,30,1,10,1,5.1,99,12.1,99,9.2,99,99,2.7,2.7,99,EX,,,
players,Thabo,Sefolosha,SF,18,201.2,226,28,99,0,10,1,30,1,10,1,5.1,99,12.1,99,9.2,99,99,2.7,2.7,99,EX,,,
players,Jonas,Jerebko,PF,18,209.5,231,28,99,0,10,1,30,1,10,1,5.1,99,12.1,99,9.2,99,99,2.7,2.7,99,EX,,,
players,Jae,Crowder,PF,18,200,235,28,99,0,10,1,30,1,10,1,5.1,99,12.1,99,9.2,99,99,2.7,2.7,99,EX,,,
,,,,,,,,,,,,,,,,,,,,,,,,,,,,,
,,,,,,,,,,,,,,,,,,,,,,,,,,,,,
// Washington Wizards,,,,,,,,,,,,,,,,,,,,,,,,,,,,,
,,,,,,,,,,,,,,,,,,,,,,,,,,,,,
,,,,,,,,,,,,,,,,,,,,,,,,,,,,,
players,Marcin,Gortat,C,18,213.1,241,29,99,0,10,1,30,1,10,1,5.1,99,12.1,99,9.2,99,99,2.7,2.7,99,EX,,,
players,Markieff,Morris,PF,18,209.7,245,29,99,0,10,1,30,1,10,1,5.1,99,12.1,99,9.2,99,99,2.7,2.7,99,EX,,,
players,Otto,Porter Jr,SF,18,205.1,205,29,99,0,10,1,30,1,10,1,5.1,99,12.1,99,9.2,99,99,2.7,2.7,99,EX,,,
players,Bradley,Beal,SG,18,197.6,206,29,99,0,10,1,30,1,10,1,5.1,99,12.1,99,9.2,99,99,2.7,2.7,99,EX,,,
players,John,Wall,PG,18,194.1,195,29,99,0,10,1,30,1,10,1,5.1,99,12.1,99,9.2,99,99,2.7,2.7,99,EX,,,
players,Ian,Mahinmi,C,18,211,255,29,99,0,10,1,30,1,10,1,5.1,99,12.1,99,9.2,99,99,2.7,2.7,99,EX,,,
players,Kelly,Oubre Jr,SF,18,203,205,29,99,0,10,1,30,1,10,1,5.1,99,12.1,99,9.2,99,99,2.7,2.7,99,EX,,,
players,Tim,Frazier,PG,18,170,185.2,29,99,0,10,1,30,1,10,1,5.1,99,12.1,99,9.2,99,99,2.7,2.7,99,EX,,,
players,Jodie,Meeks,SG,18,194.1,208,29,99,0,10,1,30,1,10,1,5.1,99,12.1,99,9.2,99,99,2.7,2.7,99,EX,,,
players,Jason,Smith,PF,18,214.6,240,29,99,0,10,1,30,1,10,1,5.1,99,12.1,99,9.2,99,99,2.7,2.7,99,EX,,,
players,Mike,Scott,PF,18,208.1,237,29,99,0,10,1,30,1,10,1,5.1,99,12.1,99,9.2,99,99,2.7,2.7,99,EX,,,
,,,,,,,,,,,,,,,,,,,,,,,,,,,,,
,,,,,,,,,,,,,,,,,,,,,,,,,,,,,
// FREE AGENTS ,,,,,,,,,,,,,,,,,,,,,,,,,,,,,
,,,,,,,,,,,,,,,,,,,,,,,,,,,,,
,,,,,,,,,,,,,,,,,,,,,,,,,,,,,
players,Josh,McRoberts,PF,18,210.2,240,-1,99,0,10,1,30,1,10,1,5.1,99,12.1,99,9.2,99,99,2.7,2.7,99,EX,,,
players,Rashad,Vaughn,SG,18,198.5,202,-1,99,0,10,1,30,1,10,1,5.1,99,12.1,99,9.2,99,99,2.7,2.7,99,EX,,,
players,Georgios,Papagiannis,C,18,217.6,240,-1,99,0,10,1,30,1,10,1,5.1,99,12.1,99,9.2,99,99,2.7,2.7,99,EX,,,
players,Sheldon,McClellan,SG,18,196.1,205,-1,99,0,10,1,30,1,10,1,5.1,99,12.1,99,9.2,99,99,2.7,2.7,99,EX,,,
players,Tony,Allen,SG,18,194.7,213,-1,99,0,10,1,30,1,10,1,5.1,99,12.1,99,9.2,99,99,2.7,2.7,99,EX,,,
players,Derrick,Rose,PG,18,192.2,193,-1,99,0,10,1,30,1,10,1,5.1,99,12.1,99,9.2,99,99,2.7,2.7,99,EX,,,
players,Willie,Reed,C,18,212.8,245,-1,99,0,10,1,30,1,10,1,5.1,99,12.1,99,9.2,99,99,2.7,2.7,99,EX,,,
players,AJ,Hammons,C,18,215.1,278,-1,99,0,10,1,30,1,10,1,5.1,99,12.1,99,9.2,99,99,2.7,2.7,99,EX,,,
players,Johnny,O'Bryant III,PF,18,206.6,257,-1,99,0,10,1,30,1,10,1,5.1,99,12.1,99,9.2,99,99,2.7,2.7,99,EX,,,
players,Quincy,Pondexter,SF,18,201.5,219,-1,99,0,10,1,30,1,10,1,5.1,99,12.1,99,9.2,99,99,2.7,2.7,99,EX,,,
players,Ramon,Sessions,PG,18,189.7,194,-1,99,0,10,1,30,1,10,1,5.1,99,12.1,99,9.2,99,99,2.7,2.7,99,EX,,,
players,Andrew,Bogut,C,18,214.4,264,-1,99,0,10,1,30,1,10,1,5.1,99,12.1,99,9.2,99,99,2.7,2.7,99,EX,,,
players,Kay,Felder,PG,18,176.5,176,-1,99,0,10,1,30,1,10,1,5.1,99,12.1,99,9.2,99,99,2.7,2.7,99,EX,,,
players,Jeff,Withey,C,18,218.1,231,-1,99,0,10,1,30,1,10,1,5.1,99,12.1,99,9.2,99,99,2.7,2.7,99,EX,,,
players,Derrick,Jones Jr,SF,18,203.1,190,-1,99,0,10,1,30,1,10,1,5.1,99,12.1,99,9.2,99,99,2.7,2.7,99,EX,,,
players,Sean,Kilpatrick,SG,18,194,218,-1,99,0,10,1,30,1,10,1,5.1,99,12.1,99,9.2,99,99,2.7,2.7,99,EX,,,
players,Brandon,Jennings,PG,18,187.5,169,-1,99,0,10,1,30,1,10,1,5.1,99,12.1,99,9.2,99,99,2.7,2.7,99,EX,,,
players,Marcus,Thornton,SG,18,194.5,205,-1,99,0,10,1,30,1,10,1,5.1,99,12.1,99,9.2,99,99,2.7,2.7,99,EX,,,
players,Joel,Bolomboy,PF,18,206.3,230,-1,99,0,10,1,30,1,10,1,5.1,99,12.1,99,9.2,99,99,2.7,2.7,99,EX,,,
players,Boris,Diaw,PF,18,204.9,250,-1,99,0,10,1,30,1,10,1,5.1,99,12.1,99,9.2,99,99,2.7,2.7,99,EX,,,
players,Jared,Sullinger,PF,18,206.1,260,-1,99,0,10,1,30,1,10,1,5.1,99,12.1,99,9.2,99,99,2.7,2.7,99,EX,,,
players,Joel,Anthony,C,18,211.1,277,-1,99,0,10,1,30,1,10,1,5.1,99,12.1,99,9.2,99,99,2.7,2.7,99,EX,,,
players,Nicolas,Laprovittola,PG,18,191.5,180,-1,99,0,10,1,30,1,10,1,5.1,99,12.1,99,9.2,99,99,2.7,2.7,99,EX,,,
players,David,Lee,PF,18,206.2,245,-1,99,0,10,1,30,1,10,1,5.1,99,12.1,99,9.2,99,99,2.7,2.7,99,EX,,,
players,Ty,Lawson,PG,18,180.5,195,-1,99,0,10,1,30,1,10,1,5.1,99,12.1,99,9.2,99,99,2.7,2.7,99,EX,,,
players,Festus,Ezeli,C,18,211,265,-1,99,0,10,1,30,1,10,1,5.1,99,12.1,99,9.2,99,99,2.7,2.7,99,EX,,,
players,Leandro,Barbosa,PG,18,192.7,194,-1,99,0,10,1,30,1,10,1,5.1,99,12.1,99,9.2,99,99,2.7,2.7,99,EX,,,
players,Ronnie,Price,PG,18,188.1,190,-1,99,0,10,1,30,1,10,1,5.1,99,12.1,99,9.2,99,99,2.7,2.7,99,EX,,,
players,Tiago,Splitter,C,18,211.1,245,-1,99,0,10,1,30,1,10,1,5.1,99,12.1,99,9.2,99,99,2.7,2.7,99,EX,,,
players,Sergio,Rodriguez,PG,18,190.6,176,-1,99,0,10,1,30,1,10,1,5.1,99,12.1,99,9.2,99,99,2.7,2.7,99,EX,,,
players,Gerald,Henderson,SG,18,195.6,216,-1,99,0,10,1,30,1,10,1,5.1,99,12.1,99,9.2,99,99,2.7,2.7,99,EX,,,
players,Stephen,Zimmerman,C,18,214.7,235,-1,99,0,10,1,30,1,10,1,5.1,99,12.1,99,9.2,99,99,2.7,2.7,99,EX,,,
players,CJ,Watson,PG,18,188.1,175,-1,99,0,10,1,30,1,10,1,5.1,99,12.1,99,9.2,99,99,2.7,2.7,99,EX,,,
players,Semaj,Christon,PG,18,190.1,190,-1,99,0,10,1,30,1,10,1,5.1,99,12.1,99,9.2,99,99,2.7,2.7,99,EX,,,
players,Norris,Cole,PG,18,190.1,175,-1,99,0,10,1,30,1,10,1,5.1,99,12.1,99,9.2,99,99,2.7,2.7,99,EX,,,
players,Lou,Amundson,PF,18,207.1,225,-1,99,0,10,1,30,1,10,1,5.1,99,12.1,99,9.2,99,99,2.7,2.7,99,EX,,,
players,Sasha,Vujacic,SG,18,203,195,-1,99,0,10,1,30,1,10,1,5.1,99,12.1,99,9.2,99,99,2.7,2.7,99,EX,,,
players,Cleanthony,Early,SF,18,205.2,219,-1,99,0,10,1,30,1,10,1,5.1,99,12.1,99,9.2,99,99,2.7,2.7,99,EX,,,
players,Donatas,Motiejunas,PF,18,215.6,223,-1,99,0,10,1,30,1,10,1,5.1,99,12.1,99,9.2,99,99,2.7,2.7,99,EX,,,
players,Nikola,Pekovic,C,18,211.5,295,-1,99,0,10,1,30,1,10,1,5.1,99,12.1,99,9.2,99,99,2.7,2.7,99,EX,,,
players,Jordan,Hill,C,18,210.1,235,-1,99,0,10,1,30,1,10,1,5.1,99,12.1,99,9.2,99,99,2.7,2.7,99,EX,,,
players,Brandon,Rush,SG,18,199.8,220,-1,99,0,10,1,30,1,10,1,5.1,99,12.1,99,9.2,99,99,2.7,2.7,99,EX,,,
players,Gary,Payton II,SG,18,192.8,175,-1,99,0,10,1,30,1,10,1,5.1,99,12.1,99,9.2,99,99,2.7,2.7,99,EX,,,
players,Spencer,Hawes,C,18,217.1,245,-1,99,0,10,1,30,1,10,1,5.1,99,12.1,99,9.2,99,99,2.7,2.7,99,EX,,,
players,Chris,Bosh,PF,18,212.2,235,-1,99,0,10,1,30,1,10,1,5.1,99,12.1,99,9.2,99,99,2.7,2.7,99,EX,,,
players,Wade,Baldwin IV,PG,18,192.4,195,-1,99,0,10,1,30,1,10,1,5.1,99,12.1,99,9.2,99,99,2.7,2.7,99,EX,,,
players,Toney,Douglas,PG,18,188.2,190,-1,99,0,10,1,30,1,10,1,5.1,99,12.1,99,9.2,99,99,2.7,2.7,99,EX,,,
players,Thomas,Robinson,PF,18,209.7,237,-1,99,0,10,1,30,1,10,1,5.1,99,12.1,99,9.2,99,99,2.7,2.7,99,EX,,,
players,Alan,Anderson,SG,18,198.4,220,-1,99,0,10,1,30,1,10,1,5.1,99,12.1,99,9.2,99,99,2.7,2.7,99,EX,,,
players,Paul,Pierce,SF,18,201.1,235,-1,99,0,10,1,30,1,10,1,5.1,99,12.1,99,9.2,99,99,2.7,2.7,99,EX,,,
players,Brandon,Bass,PF,18,203.9,250,-1,99,0,10,1,30,1,10,1,5.1,99,12.1,99,9.2,99,99,2.7,2.7,99,EX,,,
players,Kevin,Seraphin,PF,18,207,275,-1,99,0,10,1,30,1,10,1,5.1,99,12.1,99,9.2,99,99,2.7,2.7,99,EX,,,
players,Lavoy,Allen,PF,18,207.1,260,-1,99,0,10,1,30,1,10,1,5.1,99,12.1,99,9.2,99,99,2.7,2.7,99,EX,,,
players,Monta,Ellis,SG,18,192,185,-1,99,0,10,1,30,1,10,1,5.1,99,12.1,99,9.2,99,99,2.7,2.7,99,EX,,,
players,James Michael,McAdoo,SF,18,205.5,240,-1,99,0,10,1,30,1,10,1,5.1,99,12.1,99,9.2,99,99,2.7,2.7,99,EX,,,
players,Matt,Barnes,SF,18,201.5,226,-1,99,0,10,1,30,1,10,1,5.1,99,12.1,99,9.2,99,99,2.7,2.7,99,EX,,,
players,Beno,Udrih,PG,18,191.6,205,-1,99,0,10,1,30,1,10,1,5.1,99,12.1,99,9.2,99,99,2.7,2.7,99,EX,,,
players,Darrun,Hillard,SG,18,197.8,205,-1,99,0,10,1,30,1,10,1,5.1,99,12.1,99,9.2,99,99,2.7,2.7,99,EX,,,
players,Michael,Gbinije,SG,18,201.9,200,-1,99,0,10,1,30,1,10,1,5.1,99,12.1,99,9.2,99,99,2.7,2.7,99,EX,,,
players,Roy,Hibbert,C,18,220.6,275,-1,99,0,10,1,30,1,10,1,5.1,99,12.1,99,9.2,99,99,2.7,2.7,99,EX,,,
players,Jarrod,Uthoff,SF,18,206.7,210,-1,99,0,10,1,30,1,10,1,5.1,99,12.1,99,9.2,99,99,2.7,2.7,99,EX,,,
players,Jonathan,Gibson,PG,18,188.7,185,-1,99,0,10,1,30,1,10,1,5.1,99,12.1,99,9.2,99,99,2.7,2.7,99,EX,,,
players,Deron,Williams,PG,18,189.6,200,-1,99,0,10,1,30,1,10,1,5.1,99,12.1,99,9.2,99,99,2.7,2.7,99,EX,,,
players,Derrick,Williams,PF,18,203.9,240,-1,99,0,10,1,30,1,10,1,5.1,99,12.1,99,9.2,99,99,2.7,2.7,99,EX,,,
players,Jordan,McRae,SG,18,195.7,179,-1,99,0,10,1,30,1,10,1,5.1,99,12.1,99,9.2,99,99,2.7,2.7,99,EX,,,
players,James,Jones,SG,18,202.8,218,-1,99,0,10,1,30,1,10,1,5.1,99,12.1,99,9.2,99,99,2.7,2.7,99,EX,,,
players,Anthony,Morrow,SG,18,195.1,210,-1,99,0,10,1,30,1,10,1,5.1,99,12.1,99,9.2,99,99,2.7,2.7,99,EX,,,
players,Isaiah,Canaan,SG,18,183.1,201,-1,99,0,10,1,30,1,10,1,5.1,99,12.1,99,9.2,99,99,2.7,2.7,99,EX,,,
players,Brian,Roberts,PG,18,186.1,173,-1,99,0,10,1,30,1,10,1,5.1,99,12.1,99,9.2,99,99,2.7,2.7,99,EX,,,
players,Randy,Foye,SG,18,193.6,215,-1,99,0,10,1,30,1,10,1,5.1,99,12.1,99,9.2,99,99,2.7,2.7,99,EX,,,
players,KJ,McDaniels,SF,18,200.2,200,-1,99,0,10,1,30,1,10,1,5.1,99,12.1,99,9.2,99,99,2.7,2.7,99,EX,,,
players,Archie,Goodwin,SG,18,197.6,200,-1,99,0,10,1,30,1,10,1,5.1,99,12.1,99,9.2,99,99,2.7,2.7,99,EX,,,
players,Justin,Hamilton,C,18,214.3,255,-1,99,0,10,1,30,1,10,1,5.1,99,12.1,99,9.2,99,99,2.7,2.7,99,EX,,,
players,Demetrius,Jackson,PG,18,204.1,201,-1,99,0,10,1,30,1,10,1,5.1,99,12.1,99,9.2,99,99,2.7,2.7,99,EX,,,
players,Ryan,Kelly,PF,18,214.5,230,-1,99,0,10,1,30,1,10,1,5.1,99,12.1,99,9.2,99,99,2.7,2.7,99,EX,,,
players,Kris,Humphries,PF,18,207.2,235,-1,99,0,10,1,30,1,10,1,5.1,99,12.1,99,9.2,99,99,2.7,2.7,99,EX,,,
players,Mike,Dunleavy,SF,18,208.2,234,-1,99,0,10,1,30,1,10,1,5.1,99,12.1,99,9.2,99,99,2.7,2.7,99,EX,,,
players,JJ,Hickson,PF,18,206.2,242,-1,99,0,10,1,30,1,10,1,5.1,99,12.1,99,9.2,99,99,2.7,2.7,99,EX,,,
players,Chris,Johnson,SF,18,201,206,-1,99,0,10,1,30,1,10,1,5.1,99,12.1,99,9.2,99,99,2.7,2.7,99,EX,,,
players,Kevin,Martin,SG,18,201.8,204,-1,99,0,10,1,30,1,10,1,5.1,99,12.1,99,9.2,99,99,2.7,2.7,99,EX,,,
players,Andre,Miller,PG,18,188.2,170,-1,99,0,10,1,30,1,10,1,5.1,99,12.1,99,9.2,99,99,2.7,2.7,99,EX,,,
players,Jason,Thompson,PF,18,211.7,250,-1,99,0,10,1,30,1,10,1,5.1,99,12.1,99,9.2,99,99,2.7,2.7,99,EX,,,
players,Jarnell,Stokes,SF,18,207.8,264,-1,99,0,10,1,30,1,10,1,5.1,99,12.1,99,9.2,99,99,2.7,2.7,99,EX,,,
players,Alonzo,Gee,SF,18,199.1,219,-1,99,0,10,1,30,1,10,1,5.1,99,12.1,99,9.2,99,99,2.7,2.7,99,EX,,,
players,Matt,Bonner,PF,18,209.7,235,-1,99,0,10,1,30,1,10,1,5.1,99,12.1,99,9.2,99,99,2.7,2.7,99,EX,,,
players,Chris,Kaman,C,18,214.5,265,-1,99,0,10,1,30,1,10,1,5.1,99,12.1,99,9.2,99,99,2.7,2.7,99,EX,,,
players,James,Anderson,SG,18,199,206,-1,99,0,10,1,30,1,10,1,5.1,99,12.1,99,9.2,99,99,2.7,2.7,99,EX,,,
players,Caron,Butler,SF,18,203.9,210,-1,99,0,10,1,30,1,10,1,5.1,99,12.1,99,9.2,99,99,2.7,2.7,99,EX,,,
players,Chase,Budinger,SF,18,202.6,208,-1,99,0,10,1,30,1,10,1,5.1,99,12.1,99,9.2,99,99,2.7,2.7,99,EX,,,
players,John,Jenkins,SG,18,197,221,-1,99,0,10,1,30,1,10,1,5.1,99,12.1,99,9.2,99,99,2.7,2.7,99,EX,,,
players,Elton,Brand,C,18,210.2,249,-1,99,0,10,1,30,1,10,1,5.1,99,12.1,99,9.2,99,99,2.7,2.7,99,EX,,,
players,Carl,Landry,PF,18,206.2,248,-1,99,0,10,1,30,1,10,1,5.1,99,12.1,99,9.2,99,99,2.7,2.7,99,EX,,,
players,Kendall,Marshall,PG,18,193.3,200,-1,99,0,10,1,30,1,10,1,5.1,99,12.1,99,9.2,99,99,2.7,2.7,99,EX,,,
players,Kendrick,Perkins,SF,18,210.8,275,-1,99,0,10,1,30,1,10,1,5.1,99,12.1,99,9.2,99,99,2.7,2.7,99,EX,,,
players,Kevin,Garnett,PF,18,212.5,252,-1,99,0,10,1,30,1,10,1,5.1,99,12.1,99,9.2,99,99,2.7,2.7,99,EX,,,
players,Devyn,Marble,SF,18,200,200,-1,99,0,10,1,30,1,10,1,5.1,99,12.1,99,9.2,99,99,2.7,2.7,99,EX,,,
players,Andrew,Nicholson,PF,18,208,250,-1,99,0,10,1,30,1,10,1,5.1,99,12.1,99,9.2,99,99,2.7,2.7,99,EX,,,
players,OJ,Mayo,SG,18,197.7,200,-1,99,0,10,1,30,1,10,1,5.1,99,12.1,99,9.2,99,99,2.7,2.7,99,EX,,,
players,Andrew,Goudelock,SG,18,183,228,-1,99,0,10,1,30,1,10,1,5.1,99,12.1,99,9.2,99,99,2.7,2.7,99,EX,,,
players,Josh,Smith,PF,18,208.1,226,-1,99,0,10,1,30,1,10,1,5.1,99,12.1,99,9.2,99,99,2.7,2.7,99,EX,,,
players,Steve,Blake,PG,18,190.5,175,-1,99,0,10,1,30,1,10,1,5.1,99,12.1,99,9.2,99,99,2.7,2.7,99,EX,,,
players,Jakarr,Sampson,SG,18,205.7,214,-1,99,0,10,1,30,1,10,1,5.1,99,12.1,99,9.2,99,99,2.7,2.7,99,EX,,,
players,Charlie,Villanueva,PF,18,212.1,232,-1,99,0,10,1,30,1,10,1,5.1,99,12.1,99,9.2,99,99,2.7,2.7,99,EX,,,
players,Markel,Brown,SG,18,189.6,190,-1,99,0,10,1,30,1,10,1,5.1,99,12.1,99,9.2,99,99,2.7,2.7,99,EX,,,
players,Henry,Sims,C,18,210.3,248,-1,99,0,10,1,30,1,10,1,5.1,99,12.1,99,9.2,99,99,2.7,2.7,99,EX,,,
players,Phil,Pressey,PG,18,180.9,175,-1,99,0,10,1,30,1,10,1,5.1,99,12.1,99,9.2,99,99,2.7,2.7,99,EX,,,
players,Amare,Stoudemire,PF,18,210.1,237,-1,99,0,10,1,30,1,10,1,5.1,99,12.1,99,9.2,99,99,2.7,2.7,99,EX,,,
players,PJ,Hairston,SG,18,200.2,232,-1,99,0,10,1,30,1,10,1,5.1,99,12.1,99,9.2,99,99,2.7,2.7,99,EX,,,
players,Pablo,Prigioni,PG,18,192.7,185,-1,99,0,10,1,30,1,10,1,5.1,99,12.1,99,9.2,99,99,2.7,2.7,99,EX,,,
players,Kobe,Bryant,SG,18,199.6,212,-1,99,0,10,1,30,1,10,1,5.1,99,12.1,99,9.2,99,99,2.7,2.7,99,EX,,,
players,Robert,Sacre,C,18,214.5,270,-1,99,0,10,1,30,1,10,1,5.1,99,12.1,99,9.2,99,99,2.7,2.7,99,EX,,,
players,Anthony,Brown,SF,18,207.8,210,-1,99,0,10,1,30,1,10,1,5.1,99,12.1,99,9.2,99,99,2.7,2.7,99,EX,,,
players,Tim,Duncan,C,18,212,250,-1,99,0,10,1,30,1,10,1,5.1,99,12.1,99,9.2,99,99,2.7,2.7,99,EX,,,
players,Mehmet,Brooks,SG,18,196,211,-1,99,0,10,1,30,1,10,1,5.1,99,12.1,99,9.2,99,99,2.7,2.7,99,EX,,,
players,Shannon,Brown,SG,18,190,208,-1,99,0,10,1,30,1,10,1,5.1,99,12.1,99,9.2,99,99,2.7,2.7,99,EX,,,
players,Daniel,Blair,PF,18,199,274,-1,99,0,10,1,30,1,10,1,5.1,99,12.1,99,9.2,99,99,2.7,2.7,99,EX,,,
players,Christoff,Wilcox,PF,18,195,265,-1,99,0,10,1,30,1,10,1,5.1,99,12.1,99,9.2,99,99,2.7,2.7,99,EX,,,
players,David,McGuire,SF,18,200,237,-1,99,0,10,1,30,1,10,1,5.1,99,12.1,99,9.2,99,99,2.7,2.7,99,EX,,,
players,Rick,Turiaf,C,18,212,226,-1,99,0,10,1,30,1,10,1,5.1,99,12.1,99,9.2,99,99,2.7,2.7,99,EX,,,
players,Chuck,Hayes,PF,18,200,267,-1,99,0,10,1,30,1,10,1,5.1,99,12.1,99,9.2,99,99,2.7,2.7,99,EX,,,
players,Greg,Oden,C,18,216.6,294,-1,99,0,10,1,30,1,10,1,5.1,99,12.1,99,9.2,99,99,2.7,2.7,99,EX,,,
players,Samuel,Dalembert,C,18,213,262,-1,99,0,10,1,30,1,10,1,5.1,99,12.1,99,9.2,99,99,2.7,2.7,99,EX,,,
players,Harry,Thabeet,C,18,220.6,233,-1,99,0,10,1,30,1,10,1,5.1,99,12.1,99,9.2,99,99,2.7,2.7,99,EX,,,
players,Dwight,Orton,C,18,211,253,-1,99,0,10,1,30,1,10,1,5.1,99,12.1,99,9.2,99,99,2.7,2.7,99,EX,,,
players,Paul,Antic,C,18,212.9,244,-1,99,0,10,1,30,1,10,1,5.1,99,12.1,99,9.2,99,99,2.7,2.7,99,EX,,,
players,Greg,Wallace,SF,18,202.6,220,-1,99,0,10,1,30,1,10,1,5.1,99,12.1,99,9.2,99,99,2.7,2.7,99,EX,,,
players,Jordy,Jordan,C,18,213,253,-1,99,0,10,1,30,1,10,1,5.1,99,12.1,99,9.2,99,99,2.7,2.7,99,EX,,,
players,Donald,Morris,PG,18,195.1,195,-1,99,0,10,1,30,1,10,1,5.1,99,12.1,99,9.2,99,99,2.7,2.7,99,EX,,,
players,Eddy,Clark,SF,18,207.8,234,-1,99,0,10,1,30,1,10,1,5.1,99,12.1,99,9.2,99,99,2.7,2.7,99,EX,,,
players,Jerome,Taylor,SF,18,201.5,226,-1,99,0,10,1,30,1,10,1,5.1,99,12.1,99,9.2,99,99,2.7,2.7,99,EX,,,
players,Nick,Mohammed,C,18,208.9,252,-1,99,0,10,1,30,1,10,1,5.1,99,12.1,99,9.2,99,99,2.7,2.7,99,EX,,,
players,Shaun,Marion,PF,18,200.9,228,-1,99,0,10,1,30,1,10,1,5.1,99,12.1,99,9.2,99,99,2.7,2.7,99,EX,,,
players,Nate,Robinson,PG,18,176.8,181,-1,99,0,10,1,30,1,10,1,5.1,99,12.1,99,9.2,99,99,2.7,2.7,99,EX,,,
players,Vincent,Claver,PF,18,208.7,235,-1,99,0,10,1,30,1,10,1,5.1,99,12.1,99,9.2,99,99,2.7,2.7,99,EX,,,
players,Chris,Martin,SG,18,202.7,220,-1,99,0,10,1,30,1,10,1,5.1,99,12.1,99,9.2,99,99,2.7,2.7,99,EX,,,
players,Joe,O'Niel,C,18,211,229,-1,99,0,10,1,30,1,10,1,5.1,99,12.1,99,9.2,99,99,2.7,2.7,99,EX,,,
players,Kerbal,Papanikolaou,SF,18,204.1,224,-1,99,0,10,1,30,1,10,1,5.1,99,12.1,99,9.2,99,99,2.7,2.7,99,EX,,,
players,Roger,Lewis,SF,18,210,235,-1,99,0,10,1,30,1,10,1,5.1,99,12.1,99,9.2,99,99,2.7,2.7,99,EX,,,
players,Barry,James,C,18,208.5,235,-1,99,0,10,1,30,1,10,1,5.1,99,12.1,99,9.2,99,99,2.7,2.7,99,EX,,,
players,Carl,Copeland,SF,18,203.8,230,-1,99,0,10,1,30,1,10,1,5.1,99,12.1,99,9.2,99,99,2.7,2.7,99,EX,,,
players,Harry,Turkoglu,SF,18,210.3,220,-1,99,0,10,1,30,1,10,1,5.1,99,12.1,99,9.2,99,99,2.7,2.7,99,EX,,,
players,Ramon,Hollins,PF,18,213,254,-1,99,0,10,1,30,1,10,1,5.1,99,12.1,99,9.2,99,99,2.7,2.7,99,EX,,,
players,Garry,Davis,C,18,207.6,289,-1,99,0,10,1,30,1,10,1,5.1,99,12.1,99,9.2,99,99,2.7,2.7,99,EX,,,
players,Carlos,Boozer,PF,18,206.5,258,-1,99,0,10,1,30,1,10,1,5.1,99,12.1,99,9.2,99,99,2.7,2.7,99,EX,,,
players,Steve,Nash,PG,18,190,171,-1,99,0,10,1,30,1,10,1,5.1,99,12.1,99,9.2,99,99,2.7,2.7,99,EX,,,
players,Exavier,Henry,SG,18,199.2,197,-1,99,0,10,1,30,1,10,1,5.1,99,12.1,99,9.2,99,99,2.7,2.7,99,EX,,,
players,Nigel,Calathes,SG,18,199.4,213,-1,99,0,10,1,30,1,10,1,5.1,99,12.1,99,9.2,99,99,2.7,2.7,99,EX,,,
players,Danny,Granger,SF,18,208.2,224,-1,99,0,10,1,30,1,10,1,5.1,99,12.1,99,9.2,99,99,2.7,2.7,99,EX,,,
players,Kenyon,Martin,PF,18,204.5,255,-1,99,0,10,1,30,1,10,1,5.1,99,12.1,99,9.2,99,99,2.7,2.7,99,EX,,,
players,Nate,Wolters,PG,18,186.4,175,-1,99,0,10,1,30,1,10,1,5.1,99,12.1,99,9.2,99,99,2.7,2.7,99,EX,,,
players,Rod,Hummel,SF,18,205.2,220,-1,99,0,10,1,30,1,10,1,5.1,99,12.1,99,9.2,99,99,2.7,2.7,99,EX,,,
players,John,Fredette,SG,18,188.8,195,-1,99,0,10,1,30,1,10,1,5.1,99,12.1,99,9.2,99,99,2.7,2.7,99,EX,,,
players,Grant,Stiemsma,C,18,212.5,283,-1,99,0,10,1,30,1,10,1,5.1,99,12.1,99,9.2,99,99,2.7,2.7,99,EX,,,
players,Andre,Bargnani,C,18,214.6,250,-1,99,0,10,1,30,1,10,1,5.1,99,12.1,99,9.2,99,99,2.7,2.7,99,EX,,,
players,Perry,Jones,SF,18,213.2,235,-1,99,0,10,1,30,1,10,1,5.1,99,12.1,99,9.2,99,99,2.7,2.7,99,EX,,,
players,Luke,Ridnour,PG,18,188.1,175,-1,99,0,10,1,30,1,10,1,5.1,99,12.1,99,9.2,99,99,2.7,2.7,99,EX,,,
players,Branson,Gordon,SG,18,192.9,205,-1,99,0,10,1,30,1,10,1,5.1,99,12.1,99,9.2,99,99,2.7,2.7,99,EX,,,
players,Jonas,Maxiell,PF,18,206.5,256,-1,99,0,10,1,30,1,10,1,5.1,99,12.1,99,9.2,99,99,2.7,2.7,99,EX,,,
players,Tony,Wroten,PG,18,198.2,205,-1,99,0,10,1,30,1,10,1,5.1,99,12.1,99,9.2,99,99,2.7,2.7,99,EX,,,
players,JJ,Richardson,SG,18,199.2,225,-1,99,0,10,1,30,1,10,1,5.1,99,12.1,99,9.2,99,99,2.7,2.7,99,EX,,,
players,Dominic,Wright,SF,18,206.2,205,-1,99,0,10,1,30,1,10,1,5.1,99,12.1,99,9.2,99,99,2.7,2.7,99,EX,,,
players,Jeremy,Freeland,PF,18,212.1,255,-1,99,0,10,1,30,1,10,1,5.1,99,12.1,99,9.2,99,99,2.7,2.7,99,EX,,,
players,Darrick,Stockton,PG,18,182.4,165,-1,99,0,10,1,30,1,10,1,5.1,99,12.1,99,9.2,99,99,2.7,2.7,99,EX,,,
players,Luke,Fields,SG,18,200.8,215,-1,99,0,10,1,30,1,10,1,5.1,99,12.1,99,9.2,99,99,2.7,2.7,99,EX,,,
players,Andrew,Biedrins,C,18,218.2,317,-1,99,0,10,1,30,1,10,1,5.1,99,12.1,99,9.2,99,99,2.7,2.7,99,EX,,,
players,Jamal,Tinsley,PG,18,187,198,-1,99,0,10,1,30,1,10,1,5.1,99,12.1,99,9.2,99,99,2.7,2.7,99,EX,,,
players,Will,Bynum,PG,18,183.9,184,-1,99,0,10,1,30,1,10,1,5.1,99,12.1,99,9.2,99,99,2.7,2.7,99,EX,,,
players,JaVale,Vesely,SF,18,206.2,225,-1,99,0,10,1,30,1,10,1,5.1,99,12.1,99,9.2,99,99,2.7,2.7,99,EX,,,
players,Diamond,Stone,C,18,215,255,-1,99,0,10,1,30,1,10,1,5.1,99,12.1,99,9.2,99,99,2.7,2.7,99,EX,,,
players,Daniel,Hamilton,SF,18,205.4,200,-1,99,0,10,1,30,1,10,1,5.1,99,12.1,99,9.2,99,99,2.7,2.7,99,EX,,,
players,Isaia,Cordinier,SG,18,196.2,190,-1,99,0,10,1,30,1,10,1,5.1,99,12.1,99,9.2,99,99,2.7,2.7,99,EX,,,
players,Malik,Newman,PG,18,194.5,179,-1,99,0,10,1,30,1,10,1,5.1,99,12.1,99,9.2,99,99,2.7,2.7,99,EX,,,
players,Prince,Ibeh,C,18,212.3,260,-1,99,0,10,1,30,1,10,1,5.1,99,12.1,99,9.2,99,99,2.7,2.7,99,EX,,,
players,Damion,Lee,SF,18,200.2,210,-1,99,0,10,1,30,1,10,1,5.1,99,12.1,99,9.2,99,99,2.7,2.7,99,EX,,,
players,Robert,Carter,PF,18,205.4,247,-1,99,0,10,1,30,1,10,1,5.1,99,12.1,99,9.2,99,99,2.7,2.7,99,EX,,,
players,Ben,Bentil,PF,18,205.9,235,-1,99,0,10,1,30,1,10,1,5.1,99,12.1,99,9.2,99,99,2.7,2.7,99,EX,,,
players,Petr,Cornelie,PF,18,212.7,220,-1,99,0,10,1,30,1,10,1,5.1,99,12.1,99,9.2,99,99,2.7,2.7,99,EX,,,
players,Andrey,Desyatnikov,C,18,220.4,225,-1,99,0,10,1,30,1,10,1,5.1,99,12.1,99,9.2,99,99,2.7,2.7,99,EX,,,
players,Anthony,Barber,PG,18,190,185,-1,99,0,10,1,30,1,10,1,5.1,99,12.1,99,9.2,99,99,2.7,2.7,99,EX,,,
players,Perry,Ellis,SF,18,204.2,222,-1,99,0,10,1,30,1,10,1,5.1,99,12.1,99,9.2,99,99,2.7,2.7,99,EX,,,
players,Anthony,Bennett,PF,18,205,245,-1,99,0,10,1,30,1,10,1,5.1,99,12.1,99,9.2,99,99,2.7,2.7,99,EX,,,
players,Donald,Sloan,PG,18,191.1,198,-1,99,0,10,1,30,1,10,1,5.1,99,12.1,99,9.2,99,99,2.7,2.7,99,EX,,,
players,Luis,Scola,PF,18,206,240,-1,99,0,10,1,30,1,10,1,5.1,99,12.1,99,9.2,99,99,2.7,2.7,99,EX,,,
players,Greivis,Vasquez,PG,18,198.3,200,-1,99,0,10,1,30,1,10,1,5.1,99,12.1,99,9.2,99,99,2.7,2.7,99,EX,,,
players,Ray,McCollum,PG,18,190.6,190,-1,99,0,10,1,30,1,10,1,5.1,99,12.1,99,9.2,99,99,2.7,2.7,99,EX,,,
players,Tyler,Hansbrough,PF,18,206.5,250,-1,99,0,10,1,30,1,10,1,5.1,99,12.1,99,9.2,99,99,2.7,2.7,99,EX,,,
players,Kirk,Hinrich,PG,18,195.2,187,-1,99,0,10,1,30,1,10,1,5.1,99,12.1,99,9.2,99,99,2.7,2.7,99,EX,,,
players,Anderson,Varejo,C,18,213,267,-1,99,0,10,1,30,1,10,1,5.1,99,12.1,99,9.2,99,99,2.7,2.7,99,EX,,,
players,Rodney,Stucky,SG,18,197.2,210,-1,99,0,10,1,30,1,10,1,5.1,99,12.1,99,9.2,99,99,2.7,2.7,99,EX,,,
players,Marcelo,Huertas,PG,18,201.1,200,-1,99,0,10,1,30,1,10,1,5.1,99,12.1,99,9.2,99,99,2.7,2.7,99,EX,,,
players,Jared,Cunningham,SG,18,195.1,195,-1,99,0,10,1,30,1,10,1,5.1,99,12.1,99,9.2,99,99,2.7,2.7,99,EX,,,
players,Steve,Novak,SF,18,206.5,208,-1,99,0,10,1,30,1,10,1,5.1,99,12.1,99,9.2,99,99,2.7,2.7,99,EX,,,
players,Hollis,Thompson,SF,18,205.2,204,-1,99,0,10,1,30,1,10,1,5.1,99,12.1,99,9.2,99,99,2.7,2.7,99,EX,,,
players,Terrence,Jones,SF,18,207.8,252,-1,99,0,10,1,30,1,10,1,5.1,99,12.1,99,9.2,99,99,2.7,2.7,99,EX,,,
players,Jordan,Farmar,PG,18,190,180,-1,99,0,10,1,30,1,10,1,5.1,99,12.1,99,9.2,99,99,2.7,2.7,99,EX,,,
players,Rade,Zagorac,SF,18,204.1,205,-1,99,0,10,1,30,1,10,1,5.1,99,12.1,99,9.2,99,99,2.7,2.7,99,EX,,,
players,Mo,Williams,PG,18,183,182,-1,99,0,10,1,30,1,10,1,5.1,99,12.1,99,9.2,99,99,2.7,2.7,99,EX,,,
players,Moses,Kingsley,C,18,210.5,230,-1,99,0,10,1,30,1,10,1,5.1,99,12.1,99,9.2,99,99,2.7,2.7,99,EX,,,
players,Peter,Jok,SG,18,200.4,205,-1,99,0,10,1,30,1,10,1,5.1,99,12.1,99,9.2,99,99,2.7,2.7,99,EX,,,
players,Marko,Guduric,SG,18,200.4,200,-1,99,0,10,1,30,1,10,1,5.1,99,12.1,99,9.2,99,99,2.7,2.7,99,EX,,,
players,Trevon,Bluiett,SG,18,200.4,198,-1,99,0,10,1,30,1,10,1,5.1,99,12.1,99,9.2,99,99,2.7,2.7,99,EX,,,
players,Kamari,Murphy,PF,18,205.5,220,-1,0,0,0,0,0,0,0,0,0,0,0,0,0,99,99,0,0,0,CG,,,
players,Jules,Jackson,SF,18,204.1,201,-1,0,0,0,0,0,0,0,0,0,0,0,0,0,99,99,0,0,0,CG,,,
players,Jaron,Blossomgame,SF,18,205.5,220,-1,0,0,0,0,0,0,0,0,0,0,0,0,0,99,99,0,0,0,CG,,,
players,Nigel,Williams-Goss,PG,18,192.8,195,-1,0,0,0,0,0,0,0,0,0,0,0,0,0,99,99,0,0,0,CG,,,
players,Isaiah,Hicks,SG,18,208,242,-1,0,0,0,0,0,0,0,0,0,0,0,0,0,99,99,0,0,0,CG,,,
players,Anzejs,Pasecniks,C,18,218.2,220,-1,0,0,0,0,0,0,0,0,0,0,0,0,0,99,99,0,0,0,CG,,,
players,Monte,Morris,PG,18,190.2,175,-1,0,0,0,0,0,0,0,0,0,0,0,0,0,99,99,0,0,0,CG,,,
,,,,,,,,,,,,,,,,,,,,,,,,,,,,,
,,,,,,,,,,,,,,,,,,,,,,,,,,,,,
// Rookies ,,,,,,,,,,,,,,,,,,,,,,,,,,,,,
,,,,,,,,,,,,,,,,,,,,,,,,,,,,,
Rookies,Trae,Young,PG,18,188,180,-3,99,0,10,1,30,1,10,1,5.1,99,12.1,99,9.2,99,99,2.7,2.7,99,USA,Oklahoma,Oklahoma,","
Rookies,Michael,Porter,SF,18,208.3,215,-3,99,0,10,1,30,1,10,1,5.1,99,12.1,99,9.2,99,99,2.7,2.7,99,USA,Missouri,Missouri,","
Rookies,Marvin,Bagley,PF,18,210.9,225,-3,99,0,10,1,30,1,10,1,5.1,99,12.1,99,9.2,99,99,2.7,2.7,99,USA,North Carolina,Duke,","
Rookies,DeAndre,Ayton,C,18,213.4,243,-3,99,0,10,1,30,1,10,1,5.1,99,12.1,99,9.2,99,99,2.7,2.7,99,USA,Arizona,Arizona,","
Rookies,Luka,Doncic,SG,18,200.7,220,-3,99,0,10,1,30,1,10,1,5.1,99,12.1,99,9.2,99,99,2.7,2.7,99,Slovenia,,Ljubljana,","
Rookies,Collin,Sexton,PG,18,188.5,185,-3,99,0,10,1,30,1,10,1,5.1,99,12.1,99,9.2,99,99,2.7,2.7,99,USA,Alabama,Alabama,","
Rookies,Wendell,Carter,C,18,208.3,260,-3,99,0,10,1,30,1,10,1,5.1,99,12.1,99,9.2,99,99,2.7,2.7,99,USA,North Carolina,Duke,","
Rookies,Robert,Williams,C,18,207.8,240,-3,99,0,10,1,30,1,10,1,5.1,99,12.1,99,9.2,99,99,2.7,2.7,99,USA,Texas,Texas A&M,","
Rookies,Kevin,Knox,SF,18,205.8,210,-3,99,0,10,1,30,1,10,1,5.1,99,12.1,99,9.2,99,99,2.7,2.7,99,USA,Kentucky,Kentucky,","
Rookies,Mohamed,Bamba,C,18,213.4,215,-3,99,0,10,1,30,1,10,1,5.1,99,12.1,99,9.2,99,99,2.7,2.7,99,USA,Texas,Texas,","
Rookies,Gary,Trent Jr,SG,18,198.2,215,-3,99,0,10,1,30,1,10,1,5.1,99,12.1,99,9.2,99,99,2.7,2.7,99,USA,North Carolina,Duke,","
Rookies,Miles,Bridges,SF,18,202.9,230,-3,99,0,10,1,30,1,10,1,5.1,99,12.1,99,9.2,99,99,2.7,2.7,99,USA,Michigan,Michigan State,","
Rookies,Mitchell,Robinson,C,18,216,225,-3,99,0,10,1,30,1,10,1,5.1,99,12.1,99,9.2,99,99,2.7,2.7,99,USA,Louisiana,Chalmette,","
Rookies,PJ,Washington,PF,18,203.2,235,-3,99,0,10,1,30,1,10,1,5.1,99,12.1,99,9.2,99,99,2.7,2.7,99,USA,Kentucky,Kentucky,","
Rookies,Killian,Tillie,PF,18,208.3,215,-3,99,0,10,1,30,1,10,1,5.1,99,12.1,99,9.2,99,99,2.7,2.7,99,USA,Washington,Gonzaga,","
Rookies,Bruce,Brown,SG,18,195.6,200,-3,99,0,10,1,30,1,10,1,5.1,99,12.1,99,9.2,99,99,2.7,2.7,99,USA,Florida,Miami,","
Rookies,Troy,Brown,SG,18,200.7,210,-3,99,0,10,1,30,1,10,1,5.1,99,12.1,99,9.2,99,99,2.7,2.7,99,USA,Oregon,Oregon,","
Rookies,Mikal,Bridges,SF,18,200.7,200,-3,99,0,10,1,30,1,10,1,5.1,99,12.1,99,9.2,99,99,2.7,2.7,99,USA,Pennsylvania,Villanova,","
Rookies,Trevon,Duval,PG,18,188.5,190,-3,99,0,10,1,30,1,10,1,5.1,99,12.1,99,9.2,99,99,2.7,2.7,99,USA,North Carolina,Duke,","
Rookies,Alize,Johnson,PF,18,205.8,205,-3,99,0,10,1,30,1,10,1,5.1,99,12.1,99,9.2,99,99,2.7,2.7,99,USA,Missouri,Missouri State,","
Rookies,Jarred,Vanderbilt,SF,18,205.8,215,-3,99,0,10,1,30,1,10,1,5.1,99,12.1,99,9.2,99,99,2.7,2.7,99,USA,Kentucky,Kentucky,","
Rookies,Hamidou,Diallo,SG,18,195.6,200,-3,99,0,10,1,30,1,10,1,5.1,99,12.1,99,9.2,99,99,2.7,2.7,99,USA,Kentucky,Kentucky,","
Rookies,Isaiah,Hartenstein,PF,18,213.1,245,-3,99,0,10,1,30,1,10,1,5.1,99,12.1,99,9.2,99,99,2.7,2.7,99,USA,Oregon,Eugene,","
Rookies,Thomas,Wilder,PG,18,190.5,190,-3,99,0,10,1,30,1,10,1,5.1,99,12.1,99,9.2,99,99,2.7,2.7,99,USA,Michigan,Western Michigan,","
Rookies,Jaren,Jackson Jr,PF,18,208.3,240,-3,99,0,10,1,30,1,10,1,5.1,99,12.1,99,9.2,99,99,2.7,2.7,99,USA,Michigan,Michigan State,","
Rookies,Josh,Okogie,SG,18,193.1,215,-3,99,0,10,1,30,1,10,1,5.1,99,12.1,99,9.2,99,99,2.7,2.7,99,USA,Georigia,Georgia Tech,","
Rookies,Jaylen,Nowell,SG,18,193.1,215,-3,99,0,10,1,30,1,10,1,5.1,99,12.1,99,9.2,99,99,2.7,2.7,99,USA,Washington,Washington,","
Rookies,Kenrich,Williams,SF,18,200.7,210,-3,99,0,10,1,30,1,10,1,5.1,99,12.1,99,9.2,99,99,2.7,2.7,99,USA,Texas,TCU,","
Rookies,Jaylen,Adams,PG,18,188.5,190,-3,99,0,10,1,30,1,10,1,5.1,99,12.1,99,9.2,99,99,2.7,2.7,99,USA,New York,Saint Bonaventure,","
Rookies,Billy,Preston,PF,18,208.3,240,-3,99,0,10,1,30,1,10,1,5.1,99,12.1,99,9.2,99,99,2.7,2.7,99,USA,Kansas,Kansas,","
Rookies,Lamar,Peters,PG,18,183,184,-3,99,0,10,1,30,1,10,1,5.1,99,12.1,99,9.2,99,99,2.7,2.7,99,USA,Mississippi,Mississippi State,","
Rookies,Allonzo,Trier,SG,18,197.8,205,-3,99,0,10,1,30,1,10,1,5.1,99,12.1,99,9.2,99,99,2.7,2.7,99,USA,Arizona,Arizona,","
Rookies,De'Anthony,Melton,SG,18,190.5,195,-3,99,0,10,1,30,1,10,1,5.1,99,12.1,99,9.2,99,99,2.7,2.7,99,USA,California,USC,","
Rookies,Jacob,Evans,SF,18,198.2,210,-3,99,0,10,1,30,1,10,1,5.1,99,12.1,99,9.2,99,99,2.7,2.7,99,USA,Ohio,Cincinnati,","
Rookies,Jeffrey,Carroll,SG,18,198.2,215,-3,99,0,10,1,30,1,10,1,5.1,99,12.1,99,9.2,99,99,2.7,2.7,99,USA,Oklahoma,Oklahoma State,","
Rookies,Aaron,Holiday,PG,18,185.5,185,-3,99,0,10,1,30,1,10,1,5.1,99,12.1,99,9.2,99,99,2.7,2.7,99,USA,California,UCLA,","
Rookies,Shake,Milton,SG,18,198.2,205,-3,99,0,10,1,30,1,10,1,5.1,99,12.1,99,9.2,99,99,2.7,2.7,99,USA,Texas,SMU,","
Rookies,Devonte,Graham,PG,18,188.5,195,-3,99,0,10,1,30,1,10,1,5.1,99,12.1,99,9.2,99,99,2.7,2.7,99,USA,Kansas,Kansas,","
Rookies,Elijah,Stewart,SG,18,195.6,190,-3,99,0,10,1,30,1,10,1,5.1,99,12.1,99,9.2,99,99,2.7,2.7,99,USA,California,USC,","
Rookies,Isaac,Bonga,SF,18,205.8,200,-3,99,0,10,1,30,1,10,1,5.1,99,12.1,99,9.2,99,99,2.7,2.7,99,Germany,,Neuwied,","
Rookies,Rui,Hachimura,SF,18,203.2,225,-3,99,0,10,1,30,1,10,1,5.1,99,12.1,99,9.2,99,99,2.7,2.7,99,USA,Washington,Gonzaga,","
Rookies,Melo,Trimble,PG,18,192.8,185,-3,99,0,10,1,30,1,10,1,5.1,99,12.1,99,9.2,99,99,2.7,2.7,99,USA,Maryland,Maryland,","
Rookies,Yante,Maten,PF,18,203.2,240,-3,99,0,10,1,30,1,10,1,5.1,99,12.1,99,9.2,99,99,2.7,2.7,99,USA,Georgia,Georgia,","
Rookies,Chimezie,Metu,PF,18,208.3,225,-3,99,0,10,1,30,1,10,1,5.1,99,12.1,99,9.2,99,99,2.7,2.7,99,USA,California,USC,","
Rookies,Brandon,McCoy,C,18,213.4,255,-3,99,0,10,1,30,1,10,1,5.1,99,12.1,99,9.2,99,99,2.7,2.7,99,USA,Nevada,UNLV,","
Rookies,Deng,Adel,SF,18,200.7,200,-3,99,0,10,1,30,1,10,1,5.1,99,12.1,99,9.2,99,99,2.7,2.7,99,USA,Kentucky,Louisville,","
Rookies,Aleksa,Ilic,SF,18,203.2,190,-3,99,0,10,1,30,1,10,1,5.1,99,12.1,99,9.2,99,99,2.7,2.7,99,Montenegro,,Niksic,","
Rookies,Vince,Edwards,SF,18,203.2,225,-3,99,0,10,1,30,1,10,1,5.1,99,12.1,99,9.2,99,99,2.7,2.7,99,USA,Indiana,Purdue,","
Rookies,Cameron,Oliver,PF,18,205.5,235,-3,99,0,10,1,30,1,10,1,5.1,99,12.1,99,9.2,99,99,2.7,2.7,99,USA,Nevada,Nevada,","
Rookies,Victor John,Beachem,SF,18,205.5,201,-3,99,0,10,1,30,1,10,1,5.1,99,12.1,99,9.2,99,99,2.7,2.7,99,USA,Indiana,Notre Dame,","
Rookies,Austin,Wiley,C,18,210.9,255,-3,99,0,10,1,30,1,10,1,5.1,99,12.1,99,9.2,99,99,2.7,2.7,99,USA,Alabama,Auburn,","
Rookies,Rodions,Kurucs,SF,18,203.2,220,-3,99,0,10,1,30,1,10,1,5.1,99,12.1,99,9.2,99,99,2.7,2.7,99,Latvia,,Cesis,","
Rookies,Grayson,Allen,SG,18,195.6,210,-3,99,0,10,1,30,1,10,1,5.1,99,12.1,99,9.2,99,99,2.7,2.7,99,USA,North Carolina,Duke,","
Rookies,JP,Macura,SG,18,195.6,205,-3,99,0,10,1,30,1,10,1,5.1,99,12.1,99,9.2,99,99,2.7,2.7,99,USA,Ohio,Xavier,","
Rookies,Aubrey,Dawkins,SF,18,198.2,205,-3,99,0,10,1,30,1,10,1,5.1,99,12.1,99,9.2,99,99,2.7,2.7,99,USA,Florida,Central Florida,","
Rookies,Omer,Yurtseven,C,18,213.4,250,-3,99,0,10,1,30,1,10,1,5.1,99,12.1,99,9.2,99,99,2.7,2.7,99,USA,North Carolina,NC State,","
Rookies,Borisa,Simanic,PF,18,210.9,205,-3,99,0,10,1,30,1,10,1,5.1,99,12.1,99,9.2,99,99,2.7,2.7,99,Serbia,,Ljubovija,","
Rookies,Johnathan,Williams,PF,18,203.2,225,-3,99,0,10,1,30,1,10,1,5.1,99,12.1,99,9.2,99,99,2.7,2.7,99,USA,Washington,Gonzaga,","
Rookies,Alpha,Kaba,PF,18,210.5,235,-3,99,0,10,1,30,1,10,1,5.1,99,12.1,99,9.2,99,99,2.7,2.7,99,France,,Blois,","
Rookies,Michael,Fusek,C,18,220.7,220,-3,99,0,10,1,30,1,10,1,5.1,99,12.1,99,9.2,99,99,2.7,2.7,99,Slovak Republic,,Slovak Republic,","
Rookies,Jonah,Bolden,PF,18,208,195,-3,99,0,10,1,30,1,10,1,5.1,99,12.1,99,9.2,99,99,2.7,2.7,99,Australia,Victoria,Melbourne,","
Rookies,Rawle,Alkins,SG,18,193.1,225,-3,99,0,10,1,30,1,10,1,5.1,99,12.1,99,9.2,99,99,2.7,2.7,99,USA,Arizona,Arizona,","
Rookies,Moritz,Wagner,PF,18,210.9,235,-3,99,0,10,1,30,1,10,1,5.1,99,12.1,99,9.2,99,99,2.7,2.7,99,USA,Michigan,Michigan,","
Rookies,Arnoldas,Kulboka,SF,18,205.8,205,-3,99,0,10,1,30,1,10,1,5.1,99,12.1,99,9.2,99,99,2.7,2.7,99,Lithuania,,Marijampoles,","
Rookies,Lagerald,Vick,SG,18,195.6,180,-3,99,0,10,1,30,1,10,1,5.1,99,12.1,99,9.2,99,99,2.7,2.7,99,USA,Kansas,Kansas,","
Rookies,Kendall,Stephens,SF,18,200.7,235,-3,99,0,10,1,30,1,10,1,5.1,99,12.1,99,9.2,99,99,2.7,2.7,99,USA,Nevada,Nevada,","
Rookies,Rade,Zagorac,SF,18,204.1,205,-3,99,0,10,1,30,1,10,1,5.1,99,12.1,99,9.2,99,99,2.7,2.7,99,Serbia,,Belgrade,","
Rookies,Ian,Taylor,PG,18,190.2,168,-3,99,0,10,1,30,1,10,1,5.1,99,12.1,99,9.2,99,99,2.7,2.7,99,USA,Texas,Texas,","
Rookies,Jules,Jackson,SF,18,204.1,201,-3,99,0,10,1,30,1,10,1,5.1,99,12.1,99,9.2,99,99,2.7,2.7,99,USA,North Carolina,North Carolina,","
Rookies,Sviatoslav,Mykhailiuk,SG,18,203.2,205,-3,99,0,10,1,30,1,10,1,5.1,99,12.1,99,9.2,99,99,2.7,2.7,99,USA,Kansas,Kansas,","
Rookies,Thomas,Welsh,C,18,216,255,-3,99,0,10,1,30,1,10,1,5.1,99,12.1,99,9.2,99,99,2.7,2.7,99,USA,California,UCLA,","
Rookies,Nick,Richards,C,18,210.9,231,-3,99,0,10,1,30,1,10,1,5.1,99,12.1,99,9.2,99,99,2.7,2.7,99,USA,Kentucky,Kentucky,","
Rookies,Nigel,Hayes,PF,18,204.2,235,-3,99,0,10,1,30,1,10,1,5.1,99,12.1,99,9.2,99,99,2.7,2.7,99,USA,Utah,Weber St,","
Rookies,Vlatko,Cancar,C,18,205.5,210,-3,99,0,10,1,30,1,10,1,5.1,99,12.1,99,9.2,99,99,2.7,2.7,99,Slovenia,,Koper,","
,,,,,,,,,,,,,,,,,,,,,,,,,,,,,
// Coaches ,,,,,,,,,,,,,,,,,,,,,,,,,,,,,
,,,,,,,,,,,,,,,,,,,,,,,,,,,,,
,Team ID,First,Last,Age,Position,Authority,Expectation,Personality,ShotSelection,BallMovement,Rebounding,Defence,Structure,DevShot,DevBallMovement,DevRebounding,DevDefence,DevFitness,FindTalent,FindPotential,Persuasion,Dedication,Desire,Potential,,,,,
Coaches,0,Mike,Budenholzer,18,HC,99,99,99,99,99,99,99,99,99,99,99,99,99,99,99,99,99,99,99,,,,,
Coaches,1,Brad,Stevens,18,HC,99,99,99,99,99,99,99,99,99,99,99,99,99,99,99,99,99,99,99,,,,,
Coaches,2,Kenny,Atkinson,18,HC,99,99,99,99,99,99,99,99,99,99,99,99,99,99,99,99,99,99,99,,,,,
Coaches,3,Steve,Clifford,18,HC,99,99,99,99,99,99,99,99,99,99,99,99,99,99,99,99,99,99,99,,,,,
Coaches,4,Fredrick,Hoiberg,18,HC,99,99,99,99,99,99,99,99,99,99,99,99,99,99,99,99,99,99,99,,,,,
Coaches,5,Tyronn,Lue,18,HC,99,99,99,99,99,99,99,99,99,99,99,99,99,99,99,99,99,99,99,,,,,
Coaches,6,Rick,Carlisle,18,HC,99,99,99,99,99,99,99,99,99,99,99,99,99,99,99,99,99,99,99,,,,,
Coaches,7,Mike,Malone,18,HC,99,99,99,99,99,99,99,99,99,99,99,99,99,99,99,99,99,99,99,,,,,
Coaches,8,Stan,Van Gundy,18,HC,99,99,99,99,99,99,99,99,99,99,99,99,99,99,99,99,99,99,99,,,,,
Coaches,9,Steve,Kerr,18,HC,99,99,99,99,99,99,99,99,99,99,99,99,99,99,99,99,99,99,99,,,,,
Coaches,10,Mike,D'Antoni,18,HC,99,99,99,99,99,99,99,99,99,99,99,99,99,99,99,99,99,99,99,,,,,
Coaches,11,Nate,McMillan,18,HC,99,99,99,99,99,99,99,99,99,99,99,99,99,99,99,99,99,99,99,,,,,
Coaches,12,Doc,Rivers,18,HC,99,99,99,99,99,99,99,99,99,99,99,99,99,99,99,99,99,99,99,,,,,
Coaches,13,Luke,Walton,18,HC,99,99,99,99,99,99,99,99,99,99,99,99,99,99,99,99,99,99,99,,,,,
Coaches,14,David,Fizdale,18,HC,99,99,99,99,99,99,99,99,99,99,99,99,99,99,99,99,99,99,99,,,,,
Coaches,15,Eric,Spoelstra,18,HC,99,99,99,99,99,99,99,99,99,99,99,99,99,99,99,99,99,99,99,,,,,
Coaches,16,Jason,Kidd,18,HC,99,99,99,99,99,99,99,99,99,99,99,99,99,99,99,99,99,99,99,,,,,
Coaches,17,Tom,Thibodeau,18,HC,99,99,99,99,99,99,99,99,99,99,99,99,99,99,99,99,99,99,99,,,,,
Coaches,18,Alvin,Gentry,18,HC,99,99,99,99,99,99,99,99,99,99,99,99,99,99,99,99,99,99,99,,,,,
Coaches,19,Jeff,Hornacek,18,HC,99,99,99,99,99,99,99,99,99,99,99,99,99,99,99,99,99,99,99,,,,,
Coaches,20,Billy,Donovan,18,HC,99,99,99,99,99,99,99,99,99,99,99,99,99,99,99,99,99,99,99,,,,,
Coaches,21,Frank,Vogel,18,HC,99,99,99,99,99,99,99,99,99,99,99,99,99,99,99,99,99,99,99,,,,,
Coaches,22,Brett,Brown,18,HC,99,99,99,99,99,99,99,99,99,99,99,99,99,99,99,99,99,99,99,,,,,
Coaches,23,Jay,Triano,18,HC,99,99,99,99,99,99,99,99,99,99,99,99,99,99,99,99,99,99,99,,,,,
Coaches,24,Terry,Stotts,18,HC,99,99,99,99,99,99,99,99,99,99,99,99,99,99,99,99,99,99,99,,,,,
Coaches,25,David,Joerger,18,HC,99,99,99,99,99,99,99,99,99,99,99,99,99,99,99,99,99,99,99,,,,,
Coaches,26,Gregg,Popovich,18,HC,99,99,99,99,99,99,99,99,99,99,99,99,99,99,99,99,99,99,99,,,,,
Coaches,27,Dwane,Casey,18,HC,99,99,99,99,99,99,99,99,99,99,99,99,99,99,99,99,99,99,99,,,,,
Coaches,28,Quin,Snyder,18,HC,99,99,99,99,99,99,99,99,99,99,99,99,99,99,99,99,99,99,99,,,,,
Coaches,29,Scott,Brooks,18,HC,99,99,99,99,99,99,99,99,99,99,99,99,99,99,99,99,99,99,99,,,,,
Coaches,0,Darven,Ham,18,AC,99,99,99,99,99,99,99,99,99,99,99,99,99,99,99,99,99,99,99,,,,,
Coaches,1,Walter,McCarty,18,AC,99,99,99,99,99,99,99,99,99,99,99,99,99,99,99,99,99,99,99,,,,,
Coaches,2,Joe,Humphries,18,AC,99,99,99,99,99,99,99,99,99,99,99,99,99,99,99,99,99,99,99,,,,,
Coaches,3,Patrick,Ewing,18,AC,99,99,99,99,99,99,99,99,99,99,99,99,99,99,99,99,99,99,99,,,,,
Coaches,4,Randy,Brown,18,AC,99,99,99,99,99,99,99,99,99,99,99,99,99,99,99,99,99,99,99,,,,,
Coaches,5,Barry,Brielmaier,18,AC,99,99,99,99,99,99,99,99,99,99,99,99,99,99,99,99,99,99,99,,,,,
Coaches,6,Darrell,Armstrong,18,AC,99,99,99,99,99,99,99,99,99,99,99,99,99,99,99,99,99,99,99,,,,,
Coaches,7,Ray,Bowen,18,AC,99,99,99,99,99,99,99,99,99,99,99,99,99,99,99,99,99,99,99,,,,,
Coaches,8,Tim,Hardaway,18,AC,99,99,99,99,99,99,99,99,99,99,99,99,99,99,99,99,99,99,99,,,,,
Coaches,9,Ryan,Adams,18,AC,99,99,99,99,99,99,99,99,99,99,99,99,99,99,99,99,99,99,99,,,,,
Coaches,10,Carl,Finch,18,AC,99,99,99,99,99,99,99,99,99,99,99,99,99,99,99,99,99,99,99,,,,,
Coaches,11,Popeye,Jones,18,AC,99,99,99,99,99,99,99,99,99,99,99,99,99,99,99,99,99,99,99,,,,,
Coaches,12,Sam,Cassell,18,AC,99,99,99,99,99,99,99,99,99,99,99,99,99,99,99,99,99,99,99,,,,,
Coaches,13,James,Worthy,18,AC,99,99,99,99,99,99,99,99,99,99,99,99,99,99,99,99,99,99,99,,,,,
Coaches,14,Jonathan,Bzdelik,18,AC,99,99,99,99,99,99,99,99,99,99,99,99,99,99,99,99,99,99,99,,,,,
Coaches,15,Juwaun,Howard,18,AC,99,99,99,99,99,99,99,99,99,99,99,99,99,99,99,99,99,99,99,,,,,
Coaches,16,Gary,Foster,18,AC,99,99,99,99,99,99,99,99,99,99,99,99,99,99,99,99,99,99,99,,,,,
Coaches,17,David,Adelman,18,AC,99,99,99,99,99,99,99,99,99,99,99,99,99,99,99,99,99,99,99,,,,,
Coaches,18,Robert,Pack,18,AC,99,99,99,99,99,99,99,99,99,99,99,99,99,99,99,99,99,99,99,,,,,
Coaches,19,Jimmy,Cleamons,18,AC,99,99,99,99,99,99,99,99,99,99,99,99,99,99,99,99,99,99,99,,,,,
Coaches,20,Maurice,Cheeks,18,AC,99,99,99,99,99,99,99,99,99,99,99,99,99,99,99,99,99,99,99,,,,,
Coaches,21,Mario,Elie,18,AC,99,99,99,99,99,99,99,99,99,99,99,99,99,99,99,99,99,99,99,,,,,
Coaches,22,Mike,Dantoni,18,AC,99,99,99,99,99,99,99,99,99,99,99,99,99,99,99,99,99,99,99,,,,,
Coaches,23,Noel,Bjorkgren,18,AC,99,99,99,99,99,99,99,99,99,99,99,99,99,99,99,99,99,99,99,,,,,
Coaches,24,John,McCullough,18,AC,99,99,99,99,99,99,99,99,99,99,99,99,99,99,99,99,99,99,99,,,,,
Coaches,25,Corlis,Williamson,18,AC,99,99,99,99,99,99,99,99,99,99,99,99,99,99,99,99,99,99,99,,,,,
Coaches,26,Becky,Hammon,18,AC,99,99,99,99,99,99,99,99,99,99,99,99,99,99,99,99,99,99,99,,,,,
Coaches,27,Nigel,Nurse,18,AC,99,99,99,99,99,99,99,99,99,99,99,99,99,99,99,99,99,99,99,,,,,
Coaches,28,Brian,Jones,18,AC,99,99,99,99,99,99,99,99,99,99,99,99,99,99,99,99,99,99,99,,,,,
Coaches,29,Howard,Eisley,18,AC,99,99,99,99,99,99,99,99,99,99,99,99,99,99,99,99,99,99,99,,,,,
Coaches,-1,Earl,Watson,18,NA,99,99,99,99,99,99,99,99,99,99,99,99,99,99,99,99,99,99,99,,,,,
Coaches,-1,Martin,Malone,18,NA,99,99,99,99,99,99,99,99,99,99,99,99,99,99,99,99,99,99,99,,,,,
Coaches,-1,Scott,Skiles,18,NA,99,99,99,99,99,99,99,99,99,99,99,99,99,99,99,99,99,99,99,,,,,
Coaches,-1,Kurt,Rambis,18,NA,99,99,99,99,99,99,99,99,99,99,99,99,99,99,99,99,99,99,99,,,,,
Coaches,-1,JB,Bickerstaff,18,NA,99,99,99,99,99,99,99,99,99,99,99,99,99,99,99,99,99,99,99,,,,,
Coaches,-1,Phil,Jackson,18,NA,99,99,99,99,99,99,99,99,99,99,99,99,99,99,99,99,99,99,99,,,,,
Coaches,-1,Jerry,Sloan,18,NA,99,99,99,99,99,99,99,99,99,99,99,99,99,99,99,99,99,99,99,,,,,
Coaches,-1,Dan,Collins,18,NA,99,99,99,99,99,99,99,99,99,99,99,99,99,99,99,99,99,99,99,,,,,
Coaches,-1,Byron,Scott,18,NA,99,99,99,99,99,99,99,99,99,99,99,99,99,99,99,99,99,99,99,,,,,
Coaches,-1,George,Karl,18,NA,99,99,99,99,99,99,99,99,99,99,99,99,99,99,99,99,99,99,99,,,,,
Coaches,-1,Graeme,Hill,18,NA,99,99,99,99,99,99,99,99,99,99,99,99,99,99,99,99,99,99,99,,,,,
Coaches,-1,Shaq,Oneal,18,NA,99,99,99,99,99,99,99,99,99,99,99,99,99,99,99,99,99,99,99,,,,,
Coaches,-1,Jeff,Van Gundy,18,NA,99,99,99,99,99,99,99,99,99,99,99,99,99,99,99,99,99,99,99,,,,,
Coaches,-1,Pat,Riley,18,NA,99,99,99,99,99,99,99,99,99,99,99,99,99,99,99,99,99,99,99,,,,,
Coaches,-1,Hakeem,Olajuwon,18,NA,99,99,99,99,99,99,99,99,99,99,99,99,99,99,99,99,99,99,99,,,,,
Coaches,-1,Les,Rogers,18,NA,99,99,99,99,99,99,99,99,99,99,99,99,99,99,99,99,99,99,99,,,,,
Coaches,-1,Sal,Chavarria,18,NA,99,99,99,99,99,99,99,99,99,99,99,99,99,99,99,99,99,99,99,,,,,
Coaches,-1,Michale,Kennison,18,NA,99,99,99,99,99,99,99,99,99,99,99,99,99,99,99,99,99,99,99,,,,,
Coaches,-1,Sammie,Peters,18,NA,99,99,99,99,99,99,99,99,99,99,99,99,99,99,99,99,99,99,99,,,,,
Coaches,-1,Lucien,Casabloy,18,NA,99,99,99,99,99,99,99,99,99,99,99,99,99,99,99,99,99,99,99,,,,,
Coaches,-1,Darren,Brannum,18,NA,99,99,99,99,99,99,99,99,99,99,99,99,99,99,99,99,99,99,99,,,,,
Coaches,-1,Keenan,Coulter,18,NA,99,99,99,99,99,99,99,99,99,99,99,99,99,99,99,99,99,99,99,,,,,
Coaches,-1,Jared,Coots,18,NA,99,99,99,99,99,99,99,99,99,99,99,99,99,99,99,99,99,99,99,,,,,
Coaches,-1,Sean,Braddy,18,NA,99,99,99,99,99,99,99,99,99,99,99,99,99,99,99,99,99,99,99,,,,,
Coaches,-1,Lucien,Rosenfeld,18,NA,99,99,99,99,99,99,99,99,99,99,99,99,99,99,99,99,99,99,99,,,,,
Coaches,-1,Felix,Rocants,18,NA,99,99,99,99,99,99,99,99,99,99,99,99,99,99,99,99,99,99,99,,,,,
Coaches,-1,Tai,Navarette,18,NA,99,99,99,99,99,99,99,99,99,99,99,99,99,99,99,99,99,99,99,,,,,
Coaches,-1,Neil,Fleischmann,18,NA,99,99,99,99,99,99,99,99,99,99,99,99,99,99,99,99,99,99,99,,,,,
Coaches,-1,Deandre,Maclin,18,NA,99,99,99,99,99,99,99,99,99,99,99,99,99,99,99,99,99,99,99,,,,,
Coaches,-1,Jonathan,Edmiston,18,NA,99,99,99,99,99,99,99,99,99,99,99,99,99,99,99,99,99,99,99,,,,,
Coaches,-1,Mose,Jock,18,NA,99,99,99,99,99,99,99,99,99,99,99,99,99,99,99,99,99,99,99,,,,,
Coaches,-1,Irwin,Alvares,18,NA,99,99,99,99,99,99,99,99,99,99,99,99,99,99,99,99,99,99,99,,,,,
Coaches,-1,Andrew,Markert,18,NA,99,99,99,99,99,99,99,99,99,99,99,99,99,99,99,99,99,99,99,,,,,
Coaches,-1,Edwin,Clemens,18,NA,99,99,99,99,99,99,99,99,99,99,99,99,99,99,99,99,99,99,99,,,,,
Coaches,-1,Tobias,Whiang,18,NA,99,99,99,99,99,99,99,99,99,99,99,99,99,99,99,99,99,99,99,,,,,
Coaches,-1,Jose,Corn,18,NA,99,99,99,99,99,99,99,99,99,99,99,99,99,99,99,99,99,99,99,,,,,
Coaches,-1,Andrew,Therrien,18,NA,99,99,99,99,99,99,99,99,99,99,99,99,99,99,99,99,99,99,99,,,,,
Coaches,-1,Otto,Alberto,18,NA,99,99,99,99,99,99,99,99,99,99,99,99,99,99,99,99,99,99,99,,,,,
Coaches,-1,Edison,Southworth,18,NA,99,99,99,99,99,99,99,99,99,99,99,99,99,99,99,99,99,99,99,,,,,
Coaches,-1,Robin,Derrico,18,NA,99,99,99,99,99,99,99,99,99,99,99,99,99,99,99,99,99,99,99,,,,,
Coaches,-1,Mathew,Sistrunk,18,NA,99,99,99,99,99,99,99,99,99,99,99,99,99,99,99,99,99,99,99,,,,,
Coaches,-1,Chris,Michel,18,NA,99,99,99,99,99,99,99,99,99,99,99,99,99,99,99,99,99,99,99,,,,,
Coaches,-1,Lynn,Turberville,18,NA,99,99,99,99,99,99,99,99,99,99,99,99,99,99,99,99,99,99,99,,,,,
Coaches,-1,Jordan,Range,18,NA,99,99,99,99,99,99,99,99,99,99,99,99,99,99,99,99,99,99,99,,,,,
Coaches,-1,Michale,Giglio,18,NA,99,99,99,99,99,99,99,99,99,99,99,99,99,99,99,99,99,99,99,,,,,
Coaches,-1,Robbie,Selleck,18,NA,99,99,99,99,99,99,99,99,99,99,99,99,99,99,99,99,99,99,99,,,,,
Coaches,-1,Chauncy,Nowakowski,18,NA,99,99,99,99,99,99,99,99,99,99,99,99,99,99,99,99,99,99,99,,,,,
Coaches,-1,Israel,Dressler,18,NA,99,99,99,99,99,99,99,99,99,99,99,99,99,99,99,99,99,99,99,,,,,
Coaches,-1,Herb,Guice,18,NA,99,99,99,99,99,99,99,99,99,99,99,99,99,99,99,99,99,99,99,,,,,
Coaches,-1,Esteban,Rencher,18,NA,99,99,99,99,99,99,99,99,99,99,99,99,99,99,99,99,99,99,99,,,,,
Coaches,-1,Mehmet,Schreier,18,NA,99,99,99,99,99,99,99,99,99,99,99,99,99,99,99,99,99,99,99,,,,,
Coaches,-1,Billie,Brokaw,18,NA,99,99,99,99,99,99,99,99,99,99,99,99,99,99,99,99,99,99,99,,,,,
Coaches,-1,Donny,Denis,18,NA,99,99,99,99,99,99,99,99,99,99,99,99,99,99,99,99,99,99,99,,,,,
Coaches,-1,Gene,Jewell,18,NA,99,99,99,99,99,99,99,99,99,99,99,99,99,99,99,99,99,99,99,,,,,
Coaches,-1,Everett,Grosso,18,NA,99,99,99,99,99,99,99,99,99,99,99,99,99,99,99,99,99,99,99,,,,,
Coaches,-1,Caleb,Eastwood,18,NA,99,99,99,99,99,99,99,99,99,99,99,99,99,99,99,99,99,99,99,,,,,
Coaches,-1,Paul,Mutumbo,18,NA,99,99,99,99,99,99,99,99,99,99,99,99,99,99,99,99,99,99,99,,,,,
